数据由邢不行整理，对数据字段有疑问的，可以直接微信私信邢不行，微信号：xbx297,,,,,,,,,,,,,,,,,,,,,,,,,,,,,,,,,,,,,,,,,,,,,,,,,,,,,,,,,,,,,,,,,,,,,,,,,,,,,,,,,,,,,,,,,,,,,,,,,,,,,,,,,,,,,,,,,,,,,,,,,,,,,,,,,,,,,,,,,,,,,,,,,,,,,,,,,,,,,,,,,,,,,,,,,,,,,,,,,,,,,,,,,,,,,,,,,,,,,,,,,,,,,,,,,,,,,,,,,,,,,,,,,,,,,,,,,,,,,,,,,,,,,,,,,,,,,,,,,,,,,,,,,,,,,,,,,,,,,,,,,,,,,,,,,,,,,,,,,,,,,,,,,,,,,,,,
stock_code,statement_format,report_date,publish_date,抓取时间,B_currency_fund@xbx,B_settle_reserves@xbx,B_lending_fund@xbx,B_tradable_fnncl_assets@xbx,B_derivative_fnncl_assets@xbx,B_bill_receivable@xbx,B_account_receivable@xbx,B_bill_and_account_receivable@xbx,B_receivable_financing@xbx,B_prepays@xbx,B_premium_receivable@xbx,B_rein_account_receivable@xbx,B_rein_contract_reserve@xbx,B_interest_receivable@xbx,B_dividend_receivable@xbx,B_other_receivables@xbx,B_other_receivables_sum@xbx,B_buy_resale_fnncl_assets@xbx,B_inventory@xbx,B_contract_asset@xbx,B_divided_into_asset_for_sale@xbx,B_noncurrent_asset_due_within1y@xbx,B_other_cunrren_assets@xbx,B_flow_assets_diff_sri@xbx,B_flow_assets_diff_tbi@xbx,B_total_current_assets@xbx,B_loans_and_payments@xbx,B_fa_calc_by_amortized_cost@xbx,B_other_compre_fa_by_fv@xbx,B_saleable_finacial_assets@xbx,B_held_to_maturity_invest@xbx,B_debt_right_invest@xbx,B_other_debt_right_invest@xbx,B_lt_receivable@xbx,B_lt_equity_invest@xbx,B_other_ei_invest@xbx,B_other_uncurrent_fa@xbx,B_invest_property@xbx,B_fixed_asset@xbx,B_fixed_asset_sum@xbx,B_construction_in_process@xbx,B_construction_in_process_sum@xbx,B_project_goods_and_material@xbx,B_fixed_assets_disposal@xbx,B_productive_biological_assets@xbx,B_oil_and_gas_asset@xbx,B_right_of_use_assets@xbx,B_intangible_assets@xbx,B_dev_expenditure@xbx,B_goodwill@xbx,B_lt_deferred_expense@xbx,B_dt_assets@xbx,B_othr_noncurrent_assets@xbx,B_noncurrent_assets_diff_sri@xbx,B_noncurrent_assets_diff_tbi@xbx,B_total_noncurrent_assets@xbx,B_asset_diff_sri@xbx,B_asset_diff_tbi@xbx,B_total_assets@xbx,B_st_borrow@xbx,B_loan_from_central_bank@xbx,B_saving_and_interbank_deposit@xbx,B_borrowing_funds@xbx,B_tradable_fnncl_liab@xbx,B_derivative_fnncl_liab@xbx,B_bill_payable@xbx,B_accounts_payable@xbx,B_bill_and_account_payable@xbx,B_advance_payment@xbx,B_contract_liab@xbx,B_fnncl_assets_sold_for_repur@xbx,B_charge_and_commi_payable@xbx,B_payroll_payable@xbx,B_tax_payable@xbx,B_interest_payable@xbx,B_dividend_payable@xbx,B_other_payables@xbx,B_other_payables_sum@xbx,B_rein_payable@xbx,B_insurance_contract_reserve@xbx,B_acting_td_sec@xbx,B_act_underwriting_sec@xbx,B_divided_into_liab_for_sale@xbx,B_noncurrent_liab_due_in1y@xbx,B_differed_income_current_liab@xbx,B_st_bond_payable@xbx,B_other_current_liab@xbx,B_flow_debt_diff_sri@xbx,B_flow_debt_diff_tbi@xbx,B_total_current_liab@xbx,B_lt_loan@xbx,B_bond_payable@xbx,B_perpetual_capital_sec@xbx,B_preferred@xbx,B_lease_libilities@xbx,B_lt_payable@xbx,B_lt_payable_sum@xbx,B_lt_staff_salary_payable@xbx,B_special_payable@xbx,B_estimated_liab@xbx,B_dt_liab@xbx,B_differed_incomencl@xbx,B_othr_noncurrent_liab@xbx,B_noncurrent_liab_diff_sri@xbx,B_noncurrent_liab_diff_sbi@xbx,B_total_noncurrent_liab@xbx,B_liab_diff_sri@xbx,B_liab_diff_tbi@xbx,B_total_liab@xbx,B_actual_received_capital@xbx,B_capital_reserve@xbx,B_treasury@xbx,B_bs_other_compre_income@xbx,B_other_equity_instruments@xbx,B_preferred_shares@xbx,B_appropriative_reserve@xbx,B_earned_surplus@xbx,B_general_risk_provision@xbx,B_undstrbtd_profit@xbx,B_frgn_currency_convert_diff@xbx,B_total_equity_atoopc@xbx,B_minority_equity@xbx,B_holder_equity_diff_sri@xbx,B_equity_right_diff_tbi@xbx,B_total_owner_equity@xbx,B_liab_and_equity_diff_sri@xbx,B_liab_and_equity_diff_tbi@xbx,B_total_liab_and_owner_equity@xbx,R_operating_total_revenue@xbx,R_revenue@xbx,R_interest_income@xbx,R_earned_premium@xbx,R_fee_and_commi_income@xbx,R_operating_revenuediff_sri@xbx,R_operating_revenuediff_tbi@xbx,R_operating_total_cost@xbx,R_operating_cost@xbx,R_interest_payout@xbx,R_charge_and_commi_expenses@xbx,R_refunded_premium@xbx,R_compensate_net_pay@xbx,R_extract_ic_reserve_net_amt@xbx,R_commi_on_insurance_policy@xbx,R_rein_expenditure@xbx,R_operating_taxes_and_surcharge@xbx,R_sales_fee@xbx,R_manage_fee@xbx,R_rad_cost_sum@xbx,R_financing_expenses@xbx,R_interest_fee@xbx,R_fc_interest_income@xbx,R_asset_impairment_loss@xbx,R_credit_impairment_loss@xbx,R_operating_cost_diff_sri@xbx,R_operating_cost_diff_tbi@xbx,R_fv_chg_income@xbx,R_invest_income@xbx,R_ii_from_jc_etc@xbx,R_amortized_cost_fnncl_ass_cfrm@xbx,R_net_open_hedge_income@xbx,R_exchange_gain@xbx,R_asset_disposal_gain@xbx,R_other_income@xbx,R_op_diff_sri@xbx,R_op_diff_tbi@xbx,R_op@xbx,R_non_operating_income@xbx,R_noncurrent_asset_dispose_gain@xbx,R_nonoperating_cost@xbx,R_noncurrent_asset_dispose_loss@xbx,R_total_profit_diff_sri@xbx,R_total_profit_diff_tbi@xbx,R_total_profit@xbx,R_income_tax_cost@xbx,R_np_diff_sri@xbx,R_np_diff_tbi@xbx,R_np@xbx,R_continued_operating_np@xbx,R_stop_operating_np@xbx,R_np_atoopc@xbx,R_minority_gal@xbx,R_basic_eps@xbx,R_dlt_earnings_per_share@xbx,R_othrcompre_income_atoopc@xbx,R_cannt_reclass_to_gal@xbx,R_asset_change_due_to_remeasure@xbx,R_cannt_reclass_gal_equity_law@xbx,R_other_not_reclass_to_gal@xbx,R_other_equity_invest_fvc@xbx,R_corp_credit_risk_fvc@xbx,R_reclass_to_gal@xbx,R_reclass_togal_in_equity_law@xbx,R_saleable_fv_chg_gal@xbx,R_reclass_and_salable_gal@xbx,R_cf_hedging_gal_valid_part@xbx,R_fc_convert_diff@xbx,R_other_reclass_to_gal@xbx,R_other_debt_right_invest_fvc@xbx,R_fa_reclassi_amt@xbx,R_other_debt_right_invest_ir@xbx,R_cash_flow_hedge_reserve@xbx,R_othrcompre_income_atms@xbx,R_total_compre_income@xbx,R_total_compre_income_atsopc@xbx,R_total_compre_income_atms@xbx,C_effect_of_exchange_chg_on_cce@xbx,C_cce_net_add_amt_diff_sri_dm@xbx,C_cce_net_add_amt_diff_tbi_dm@xbx,C_cash_received_of_sales_service@xbx,C_deposit_and_interbank_net_add@xbx,C_borrowing_net_add_central_bank@xbx,C_lending_net_add_other_org@xbx,C_cash_received_from_orig_ic@xbx,C_net_cash_received_from_rein@xbx,C_naaassured_saving_and_invest@xbx,C_naa_of_disposal_fnncl_assets@xbx,C_cash_received_of_interest_etc@xbx,C_borrowing_net_increase_amt@xbx,C_net_add_in_repur_capital@xbx,C_refund_of_tax_and_levies@xbx,C_cash_received_of_other_oa@xbx,C_oa_cash_inflow_diff_sri@xbx,C_oa_cash_inflow_diff_tbi@xbx,C_sub_total_of_ci_from_oa@xbx,C_goods_buy_and_service_cash_pay@xbx,C_loan_and_advancenet_add@xbx,C_naa_of_cb_and_interbank@xbx,C_cash_of_orig_ic_indemnity@xbx,C_cash_paid_for_interests_etc@xbx,C_cash_paid_for_pd@xbx,C_cash_paid_to_staff_etc@xbx,C_payments_of_all_taxes@xbx,C_other_cash_paid_related_to_oa@xbx,C_oa_cash_outflow_diff_sri@xbx,C_oa_cash_outflow_diff_tbi@xbx,C_sub_total_of_cos_from_oa@xbx,C_ncf_diff_of_oa_sri@xbx,C_ncf_diff_of_oa_tbi@xbx,C_ncf_from_oa@xbx,C_cash_received_of_dspsl_invest@xbx,C_invest_income_cash_received@xbx,C_net_cash_of_disposal_assets@xbx,C_net_cash_of_disposal_branch@xbx,C_cash_received_of_other_fa@xbx,C_ia_cash_inflow_diff_sri@xbx,C_ia_cash_inflow_diff_tbi@xbx,C_sub_total_of_ci_from_ia@xbx,C_cash_paid_for_assets@xbx,C_invest_paid_cash@xbx,C_net_add_in_pledge_loans@xbx,C_net_cash_amt_from_branch@xbx,C_other_cash_paid_related_to_ia@xbx,C_ia_cash_outflow_diff_sri@xbx,C_ia_cash_outflow_diff_tbi@xbx,C_sub_total_of_cos_from_ia@xbx,C_ncf_diff_from_ia_sri@xbx,C_ncf_diff_from_ia_tbi@xbx,C_ncf_from_ia@xbx,C_cash_received_of_absorb_invest@xbx,C_cr_from_minority_holders@xbx,C_cash_received_of_borrowing@xbx,C_cash_received_from_bond_issue@xbx,C_cash_received_of_othr_fa@xbx,C_fa_cash_in_flow_diff_sri@xbx,C_fa_cash_in_flow_diff_tbi@xbx,C_sub_total_of_ci_from_fa@xbx,C_cash_pay_for_debt@xbx,C_cash_paid_of_distribution@xbx,C_dap_paid_to_minority_holder@xbx,C_othrcash_paid_relating_to_fa@xbx,C_fa_cash_out_flow_diff_sri@xbx,C_fa_cash_out_flow_diff_tbi@xbx,C_sub_total_of_cos_from_fa@xbx,C_ncf_diff_from_fa_sri@xbx,C_ncf_diff_from_fa_tbi@xbx,C_ncf_from_fa@xbx,C_net_increase_in_cce@xbx,C_initial_cce_balance@xbx,C_final_balance_of_cce@xbx,C_np_cfs@xbx,C_asset_impairment_reserve@xbx,C_depreciation_etc@xbx,C_intangible_assets_amortized@xbx,C_lt_deferred_expenses_amrtzt@xbx,C_loss_of_disposal_assets@xbx,C_fixed_assets_scrap_loss@xbx,C_loss_from_fv_chg@xbx,C_finance_cost_cfs@xbx,C_invest_loss@xbx,C_dt_assets_decrease@xbx,C_dt_liab_increase@xbx,C_inventory_decrease@xbx,C_operating_items_decrease@xbx,C_increase_of_operating_item@xbx,C_si_other@xbx,C_ncf_diff_from_oa_im_sri@xbx,C_ncf_diff_from_oa_im_tbi@xbx,C_ncf_from_oa_im@xbx,C_debt_tranfer_to_capital@xbx,C_cb_due_within1y@xbx,C_finance_lease_fixed_assets@xbx,C_ending_balance_of_cash@xbx,C_initial_balance_of_cash@xbx,C_si_final_balance_of_cce@xbx,C_initial_balance_of_cce@xbx,C_cce_net_add_diff_im_sri@xbx,C_cce_net_add_diff_im_tbi@xbx,C_net_increase_in_cce_im@xbx
bj920000,一般企业,20190630,2019-08-27,,15634912.01,,,,,180870.12,37759891.45,37940761.57,,2863015.16,,,,,,,546167.8,,66203994.35000001,,,,1445614.38,,,124634465.27,,,,,,,,,,,,,,102269961.09,,73182995.88999999,,,,,,45093036.22000001,,,,4634114.819999998,5841536.499999999,,,231021644.52,,,355656109.79,,,,,,,,30728427.49,30728427.49,1870520.13,,,,3347928.2,2871629.54,,,,1107900.0,,,,,,,,,,,,39926405.36,20000000.0,,,,,,0.0,,,,917562.12,28834230.66,,,,49751792.78000001,,,89678198.14,60060000.0,66650191.64000001,,,,,,13415735.48,,125825249.8,,265951176.9200001,26734.73,,,265977911.65,0.0,0.0,355656109.79,132002779.37,132002779.37,,,,,,116754363.55,92538057.08,,,,,,,,1960879.69,9465130.729999997,5917797.1800000025,6225646.12,139979.28,0.0,24414.19,0.0,506873.47,,,,0.0,,,,,0.0,1657145.34,,,16905561.16,73114.2,,32472.55,,,,16946202.81,1616598.61,,,15329604.2,15329604.2,,15377359.93,-47755.73,0.256,0.256,,,,,,,,,,,,,,,,,,,,15329604.2,15377359.93,-47755.73,-165533.31,,,129899401.49,,,,,,,,,,,10443555.87,11815101.71,,,152158059.07,73958836.40999998,,,,,,28222810.5,6139388.499999999,21308658.5,,,129629693.91,,0.0,22528365.16,500000.0,0.0,,,,,,500000.0,43576568.19,0.0,,,,,,43576568.19,,0.0,-43076568.18999999,,,15000000.0,,1092903.0,,,16092903.0,0.0,3603600.0,,,,,3603600.0,,0.0,12489303.0,-8224433.340000003,23859345.35,15634912.01,15329604.2,506873.47,5313933.310000001,625997.3400000001,,,,,,,-1328909.5,536207.8100000003,-2855244.87,-6428917.750000001,10828821.15,,,,22528365.16,,,,15634912.01,23859345.35,,,,,-8224433.340000003
bj920000,一般企业,20191231,2020-04-30,,40339930.38,,,,,,39840954.90999999,39840954.90999999,,1748089.88,,,,,,718402.47,718402.47,,68543675.47,,,,1344559.76,,,152535612.87,,,,,,,,,,,,,98881477.6,98881477.6,112438713.01,112438713.01,,,,,,44467038.88,,,,4717272.15,3068700.54,,,263573202.18,,,416108815.05,,,,,,,,31947751.64,31947751.64,1405601.1,,,,5502337.020000001,1888848.73,,,231892.4,231892.4,,,,,,4500000.0,,,,,,45476430.89,45500000.0,,,,,,0.0,,,,986986.43,28684502.32,,,,75171488.75000003,,,120647919.64,60060000.0,66650191.64000001,,,,,,17658642.11,,151084076.95,,295452910.69999987,7984.71,,,295460895.41,0.0,0.0,416108815.05,292922011.08,292922011.08,,,,,,250372844.98,197560596.8900001,,,,,,,,3688768.24,20913620.03,13622921.82,13084668.71,14210.19,,58137.72,619738.46,868320.64,,,,,,,,,-29820.03,7912840.910000003,,,50432186.98,115001.16,,38682.57999999999,,,,50508505.56,5695917.6000000015,,,44812587.96000001,44812587.96000001,,44879093.71,-66505.75,0.75,0.75,,,,,,,,,,,,,,,,,,,,44812587.96000001,44879093.71,-66505.75,-195954.19,,,295686083.59,,,,,,,,,,,19369317.58,17724613.48,,,332780014.6500001,172951349.93,,,,,,55507127.28,14697810.28,30209476.15,,,273365763.6400001,,0.0,59414251.01000001,,,20000.0,,500000.0,,,520000.0,84482789.12,,,,,,,84482789.12,,0.0,-83962789.11999999,,,45000000.0,,1092903.0,,,46092903.0,,4867825.670000001,,,,,4867825.670000001,,0.0,41225077.33000001,16480585.03,23859345.35,40339930.38,44812587.96000001,1488059.1,10620618.37,1251994.68,,29820.03,,,195954.19,,-1412066.83,605632.12,-5814664.45,-10819663.98,18455979.82,,,,59414251.01000001,,,,40339930.38,23859345.35,,,,,16480585.03
bj920000,一般企业,20190630,2020-07-24,,15634912.01,,,,,180870.12,37759891.45,37940761.57,,2863015.16,,,,,,546167.8,546167.8,,66203994.35000001,,,,1445614.38,,,124634465.27,,,,,,,,,,,,,,102269961.09,,73182995.88999999,,,,,,45093036.22000001,,,,4634114.819999998,5841536.499999999,,,231021644.52,,,355656109.79,,,,,,,,30728427.49,30728427.49,1870520.13,,,,3347928.2,2871629.54,,,,1107900.0,,,,,,,,,,,,39926405.36,20000000.0,,,,,,0.0,,,,917562.12,28834230.66,,,,49751792.78000001,,,89678198.14,60060000.0,66650191.64000001,,,,,,13415735.48,,125825249.8,,265951176.9200001,26734.73,,,265977911.65,0.0,0.0,355656109.79,132002779.37,132002779.37,,,,,,116754363.55,92538057.08,,,,,,,,1960879.69,9465130.729999997,5917797.1800000025,6225646.12,139979.28,0.0,24414.19,0.0,506873.47,,,,0.0,,,,,0.0,1657145.34,,,16905561.16,73114.2,,32472.55,,,,16946202.81,1616598.61,,,15329604.2,15329604.2,,15377359.93,-47755.73,0.256,0.256,,,,,,,,,,,,,,,,,,,,15329604.2,15377359.93,-47755.73,-165533.31,,,129899401.49,,,,,,,,,,,10443555.87,11815101.71,,,152158059.07,80366275.60999998,,,,,,28222810.5,6139388.499999999,14901219.3,,,129629693.91,,0.0,22528365.16,0.0,0.0,,,500000.0,,,500000.0,43351998.75999999,0.0,,,,,,43351998.75999999,,0.0,-42851998.76,,,15000000.0,,1092903.0,,,16092903.0,0.0,3828169.43,,,,,3828169.43,,0.0,12264733.57,-8224433.340000003,23859345.35,15634912.01,15329604.2,506873.47,5313933.310000001,625997.3400000001,,,,,,,-1328909.5,536207.8100000003,-2855244.87,-6428917.750000001,10828821.15,,,,22528365.16,,,,15634912.01,23859345.35,,,,,-8224433.340000003
bj920000,一般企业,20191231,2020-07-24,,40339930.38,,,,,,39840954.90999999,39840954.90999999,,1748089.88,,,,,,718402.47,718402.47,,68543675.47,,,,1344559.76,,,152535612.87,,,,,,,,,,,,,98881477.6,98881477.6,112438713.01,112438713.01,,,,,,44467038.88,,,,4717272.15,3068700.54,,,263573202.18,,,416108815.05,,,,,,,,31947751.64,31947751.64,,1263083.38,,,5502337.020000001,1888848.73,,,231892.4,231892.4,,,,,,4500000.0,,,142517.72,,,45476430.89,45500000.0,,,,,,0.0,,,,986986.43,28684502.32,,,,75171488.75000003,,,120647919.64,60060000.0,66650191.64000001,,,,,,17658642.11,,151084076.95,,295452910.69999987,7984.71,,,295460895.41,0.0,0.0,416108815.05,292922011.08,292922011.08,,,,,,250372844.98,197560596.8900001,,,,,,,,3688768.24,20913620.03,13622921.82,13084668.71,14210.19,,58137.72,619738.46,868320.64,,,,,,,,,-29820.03,7912840.910000003,,,50432186.98,115001.16,,38682.57999999999,,,,50508505.56,5695917.6000000015,,,44812587.96000001,44812587.96000001,,44879093.71,-66505.75,0.75,0.75,,,,,,,,,,,,,,,,,,,,44812587.96000001,44879093.71,-66505.75,-195954.19,,,295686083.59,,,,,,,,,,,19369317.58,17724613.48,,,332780014.6500001,172951349.93,,,,,,55507127.28,14697810.28,30209476.15,,,273365763.6400001,,0.0,59414251.01000001,,,20000.0,,500000.0,,,520000.0,84482789.12,,,,,,,84482789.12,,0.0,-83962789.11999999,,,45000000.0,,1092903.0,,,46092903.0,,4867825.670000001,,,,,4867825.670000001,,0.0,41225077.33000001,16480585.03,23859345.35,40339930.38,44812587.96000001,1488059.1,10620618.37,1251994.68,,29820.03,,,195954.19,,-1412066.83,605632.12,-5814664.45,-10819663.98,18455979.82,,,,59414251.01000001,,,,40339930.38,23859345.35,,,,,16480585.03
bj920000,一般企业,20200630,2020-07-24,,33079868.88,,,,,381186.92999999993,52500772.67000002,52881959.6,,2081066.95,,,,,,,569068.1900000001,,66099020.63999999,,,,11557949.96,,,166268934.22,,,,,,,,,,,,,,94701852.41,,131830637.38,,,,,,43908888.63,,,,6288668.850000002,4363423.36,,,281093470.6300001,,,447362404.85,,,,,,,,39308704.88,39308704.88,,1329791.06,,,3340173.52,4220158.609999999,,,,107900.0,,,,,,8500000.0,,,521881.7100000001,,,57328609.78,41000000.0,,,,,,0.0,,,,1063147.21,37711373.98,,,,79774521.18999998,,,137103130.97,60060000.0,66650191.64000001,,,,,,17658642.11,,165831863.16,,310200696.91,58576.97,,,310259273.88,0.0,0.0,447362404.85,137663036.1,137663036.1,,,,,,113899235.26,92679500.2,,,,,,,,2131494.95,8873438.569999997,5629488.79,4221791.21,-863285.0800000002,,44173.44,215569.04,1011237.58,,,,150547.94,,,,,,1382362.29,,,25296711.07,8000.0,,114088.26,,,,25190622.81,3185044.34,,,22005578.47,22005578.47,,21954986.21,50592.26,0.37,0.37,,,,,,,,,,,,,,,,,,,,22005578.47,21954986.21,50592.26,455516.01,,,129290612.29,,,,,,,,,,,5445269.310000001,10789150.99,,,145525032.59,68242557.19999999,,,,,,23381885.8,5969248.770000001,14478237.04,,,112071928.81,,0.0,33453103.78000001,38000000.00000001,127534.24,,,,,,38127534.24,22135164.83,48000000.0,,,,,,70135164.83,,0.0,-32007630.59,,,,,,,,,500000.0,8661050.700000001,,,,,9161050.7,,0.0,-9161050.7,-7260061.500000001,40339930.38,33079868.88,22005578.47,1226806.62,5166178.800000002,629937.86,,,,,-455516.01,-150547.94,-1571396.7,76160.78,2229085.790000001,-12403786.4,16700602.51,,,,33453103.78000001,,,,33079868.88,40339930.38,,,,,-7260061.500000001
bj920000,一般企业,20191231,2021-04-29,,40339930.38,,,,,,39840954.90999999,39840954.90999999,,1748089.88,,,,,,718402.47,718402.47,,68543675.47,,,,1344559.76,,,152535612.87,,,,,,,,,,,,,98881477.6,98881477.6,112438713.01,112438713.01,,,,,,44467038.88,,,,4717272.15,3068700.54,,,263573202.18,,,416108815.05,,,,,,,,31947751.64,31947751.64,1405601.1,,,,5502337.020000001,1888848.73,,,231892.4,231892.4,,,,,,4500000.0,,,,,,45476430.89,45500000.0,,,,,,0.0,,,,986986.43,28684502.32,,,,75171488.75000003,,,120647919.64,60060000.0,66650191.64000001,,,,,,17658642.11,,151084076.95,,295452910.69999987,7984.71,,,295460895.41,0.0,0.0,416108815.05,292922011.08,292922011.08,,,,,,250372844.98,197560596.8900001,,,,,,,,3688768.24,20913620.03,13622921.82,13084668.71,14210.19,,58137.72,619738.46,868320.64,,,0.0,0.0,,,,0.0,-29820.03,7912840.910000003,,,50432186.98,115001.16,,38682.57999999999,,,,50508505.56,5695917.6000000015,,,44812587.96000001,44812587.96000001,,44879093.71,-66505.75,0.75,0.75,,,,,,,,,,,,,,,,,,,,44812587.96000001,44879093.71,-66505.75,-195954.19,,,295686083.59,,,,,,,,,,,19369317.58,17724613.48,,,332780014.6500001,172951349.93,,,,,,55507127.28,14697810.28,30209476.15,,,273365763.6400001,,0.0,59414251.01000001,,,20000.0,,500000.0,,,520000.0,84482789.12,,,,,,,84482789.12,,0.0,-83962789.11999999,,,45000000.0,,1092903.0,,,46092903.0,,4867825.670000001,,,,,4867825.670000001,,0.0,41225077.33000001,16480585.03,23859345.35,40339930.38,44812587.96000001,1488059.1,10620618.37,1251994.68,,29820.03,,,195954.19,,-1412066.83,605632.12,-5814664.45,-10819663.98,18455979.82,,,,59414251.01000001,,,,40339930.38,23859345.35,,,,,16480585.03
bj920000,一般企业,20201231,2021-04-29,,145180493.97,,,,,860038.6000000002,45009838.35,45869876.95,1078642.72,2185338.84,,,,,,,567196.91,,91787044.18,,,,3736432.41,,,290405025.98,,,,,,,,,,,,,,110531118.63,,140998693.22,,,,,,43283177.49000001,,,,6358683.4300000025,11461538.0,,,312633210.76999986,,,603038236.7499999,,,,,,,,53604273.88,53604273.88,,2232987.000000001,,,7340637.98,2857477.81,,,,1687224.34,,,,,,12000000.0,,,559157.36,,,80281758.36999999,33500000.0,,,,,,0.0,,,,1409449.43,38003587.39,,,,72913036.82000001,,,153194795.19,77470000.0,163269605.88,,,,,,21884604.34,,187035141.6700001,,449659351.89,184089.67,,,449843441.5600001,0.0,0.0,603038236.7499999,302373731.02,302373731.02,,,,,,251505694.41,203322965.01,,,,,,,,4286296.05,15049786.64,13249981.85,12052667.08,2222432.02,72422.84,87760.44,272219.23,1049346.53,,,0.0,314904.11,,,,0.0,-113621.54,3790669.88,,,54859989.06,91504.0,,128262.57,,,,54823230.49,7262898.58,,,47560331.91,47560331.91,,47384226.95,176104.96,0.79,0.79,,,,,,,,,,,,,,,,,,,,47560331.91,47384226.95,176104.96,-1020375.88,,,300895879.58,,,,,,,,,,,12281098.0,14025253.17,,,327202230.75,177933315.26,,,,,,49341739.72,15743832.5,23489004.14,,,266507891.62,,0.0,60694339.13,103000000.0,314904.11,105000.0,,,,,103419904.11,58017093.69999999,103000000.0,,,,,,161017093.7,,0.0,-57597189.59000001,117352000.0,,,,,,,117352000.0,4500000.0,10088210.07,,,,,14588210.07,,0.0,102763789.93,104840563.59,40339930.38,145180493.97,47560331.91,272219.23,10441352.99,1255649.0,,113621.54,,,1092798.72,-314904.11,-1641411.28,422463.0,-23515587.94,-9785480.81,33743940.35,,,,60694339.13,,,,145180493.97,40339930.38,,,,,104840563.59
bj920000,一般企业,20210331,2021-04-29,,29712139.43,,,,,1238607.86,61227224.44,62465832.3,1025660.33,3001721.3,,,,,,,648511.55,,96425642.55,,,,101671881.22,,,294951388.68,,,,,,,,,,,,,,111218998.11,,146802686.3,,,,,,42970321.94,,,,6437914.95,14611584.57,,,322041505.87,,,616992894.55,,,,,,,,53415632.22,53415632.22,,2414621.44,,,3782318.19,3048743.87,,,,104007.21,,,,,,12000000.0,,,636992.69,,,75402315.62,33500000.0,,,,,,0.0,,,,2042972.64,37886548.48,,,,73429521.12,,,148831836.74,78074221.0,166428203.27,,,,,,21884604.34,,201549949.35,,467936977.96,224079.85,,,468161057.81,0.0,0.0,616992894.55,88141088.79,88141088.79,,,,,,77001810.51,65360028.28,,,,,,,,919314.5,3844803.44,2982048.35,2357835.15,896713.32,115285.74,225834.74,48661.29,592406.18,,,,112500.0,,,,,,5531028.47,,,16782806.75,,,,,,,16782806.75,2228008.89,,,14554797.86,14554797.86,,14514807.68,39990.18,0.1864,0.1864,,,,,,,,,,,,,,,,,,,,14554797.86,14514807.68,39990.18,-529758.56,,,76774888.68,,,,,,,,,,,5839633.2,6133167.17,,,88747689.05,60623470.96,,,,,,17116087.08,2940266.18,13989506.74,,,94669330.96,,0.0,-5921641.91,50000000.0,112500.0,,,,,,50112500.0,12263267.62,150000000.0,,,,,,162263267.62,,0.0,-112150767.62,3762818.39,,,,,,,3762818.39,,629004.84,,,,,629004.84,,0.0,3133813.55,-115468354.54,145180493.97,29712139.43,,,,,,,,,,,,,,,,,,,,,,,,,,,,,
bj920000,一般企业,20201231,2021-08-24,,145180493.97,,,,,860038.6000000002,45009838.35,45869876.95,1078642.72,2185338.84,,,,,,567196.91,567196.91,,91787044.18,,,,3736432.41,,,290405025.98,,,,,,,,,,,,,110531118.63,110531118.63,140998693.22,140998693.22,,,,,,43283177.49000001,,,,6358683.4300000025,11461538.0,,,312633210.76999986,,,603038236.7499999,,,,,,,,53604273.88,53604273.88,,2232987.000000001,,,7340637.98,2857477.81,,,1687224.34,1687224.34,,,,,,12000000.0,,,559157.36,,,80281758.36999999,33500000.0,,,,,,0.0,,,,1409449.43,38003587.39,,,,72913036.82000001,,,153194795.19,77470000.0,163269605.88,,,,,,21884604.34,,187035141.6700001,,449659351.89,184089.67,,,449843441.5600001,0.0,0.0,603038236.7499999,302373731.02,302373731.02,,,,,,251505694.41,203322965.01,,,,,,,,4286296.05,15049786.64,13249981.85,12052667.08,2222432.02,72422.84,87760.44,272219.23,1049346.53,,,0.0,314904.11,,,,0.0,-113621.54,3790669.88,,,54859989.06,91504.0,,128262.57,,,,54823230.49,7262898.58,,,47560331.91,47560331.91,,47384226.95,176104.96,0.79,0.79,,,,,,,,,,,,,,,,,,,,47560331.91,47384226.95,176104.96,-1020375.88,,,300895879.58,,,,,,,,,,,12281098.0,14025253.17,,,327202230.75,177933315.26,,,,,,49341739.72,15743832.5,23489004.14,,,266507891.62,,0.0,60694339.13,103000000.0,314904.11,105000.0,,,,,103419904.11,58017093.69999999,103000000.0,,,,,,161017093.7,,0.0,-57597189.59000001,117352000.0,,,,,,,117352000.0,4500000.0,10088210.07,,,,,14588210.07,,0.0,102763789.93,104840563.59,40339930.38,145180493.97,47560331.91,272219.23,10441352.99,1255649.0,,113621.54,,,1092798.72,-314904.11,-1641411.28,422463.0,-23515587.94,-9785480.81,33743940.35,,,,60694339.13,,,,145180493.97,40339930.38,,,,,104840563.59
bj920000,一般企业,20210630,2021-08-24,,16221672.19,,,,,631377.97,60662657.68,61294035.65,2340000.0,3329908.38,,,,,,724014.25,724014.25,,101213876.29,,,,96156357.5,,,281279864.26,,,,,,,,,,,,,,264640632.9,,3428327.18,,,,,,42657466.4,,,,6460020.74,13618691.79,,,330805139.01,,,612085003.27,,,,,,,,54122567.64,54122567.64,,2336040.35,,,4213877.82,1933083.02,,,,107900.0,,,,,,15000000.0,,,230890.09,,,77944358.92,26000000.0,,,,,,0.0,,,,2182794.77,37697350.77,,,,65880145.54,,,143824504.46,93689065.0,150807430.73,,,,,,21884604.34,,201614344.62,,467995444.69,265054.12,,,468260498.81,0.0,0.0,612085003.27,185270117.62,185270117.62,,,,,,163860474.85,139923715.92,,,,,,,,1874941.1,8393539.04,6037435.15,4965073.33,1607178.25,413897.64,159373.15,196026.09,862565.97,,,,766957.77,,,,,4876.08,5986122.24,,,28167598.86,,,8133.14,,,,28159465.72,3349649.59,,,24809816.13,24809816.13,,24728851.68,80964.45,0.26,0.26,,,,,,,,,,,,,,,,,,,,24809816.13,24728851.68,80964.45,-595789.54,,,163609774.59,,,,,,,,,,,9632804.21,6664417.8,,,179906996.6,111393829.42,,,,,,31710675.81,6621681.1,27761706.17,,,177487892.5,,0.0,2419104.1,140000000.0,766957.77,3000.0,,,,,140769957.77,24393377.0,235000000.0,,,,,,259393377.0,,0.0,-118623419.23,3762818.39,,,,,,,3762818.39,4500000.0,11421535.5,,,,,15921535.5,,0.0,-12158717.11,-128958821.78,145180493.97,16221672.19,24809816.13,862565.97,6248453.47,625711.09,,3257.06,,,1009687.18,-766957.77,-101337.31,773345.34,-9426832.11,-16554208.92,-5260422.12,,,,2419104.1,,,,16221672.19,145180493.97,,,,,-128958821.78
bj920000,一般企业,20201231,2021-10-28,,145180493.97,,,,,860038.6000000002,45009838.35,45869876.95,1078642.72,2185338.84,,,,,,,567196.91,,91787044.18,,,,3736432.41,,,290405025.98,,,,,,,,,,,,,,110531118.63,,140998693.22,,,,,,43283177.49000001,,,,6358683.4300000025,11461538.0,,,312633210.76999986,,,603038236.7499999,,,,,,,,53604273.88,53604273.88,,2232987.000000001,,,7340637.98,2857477.81,,,,1687224.34,,,,,,12000000.0,,,559157.36,,,80281758.36999999,33500000.0,,,,,,0.0,,,,1409449.43,38003587.39,,,,72913036.82000001,,,153194795.19,77470000.0,163269605.88,,,,,,21884604.34,,187035141.6700001,,449659351.89,184089.67,,,449843441.5600001,0.0,0.0,603038236.7499999,302373731.02,302373731.02,,,,,,251505694.41,203322965.01,,,,,,,,4286296.05,15049786.64,13249981.85,12052667.08,2222432.02,72422.84,87760.44,272219.23,1049346.53,,,0.0,314904.11,,,,0.0,-113621.54,3790669.88,,,54859989.06,91504.0,,128262.57,,,,54823230.49,7262898.58,,,47560331.91,47560331.91,,47384226.95,176104.96,0.79,0.79,,,,,,,,,,,,,,,,,,,,47560331.91,47384226.95,176104.96,-1020375.88,,,300895879.58,,,,,,,,,,,12281098.0,14025253.17,,,327202230.75,177933315.26,,,,,,49341739.72,15743832.5,23489004.14,,,266507891.62,,0.0,60694339.13,103000000.0,314904.11,105000.0,,,,,103419904.11,58017093.69999999,103000000.0,,,,,,161017093.7,,0.0,-57597189.59000001,117352000.0,,,,,,,117352000.0,4500000.0,10088210.07,,,,,14588210.07,,0.0,102763789.93,104840563.59,40339930.38,145180493.97,47560331.91,272219.23,10441352.99,1255649.0,,113621.54,,,1092798.72,-314904.11,-1641411.28,422463.0,-23515587.94,-9785480.81,33743940.35,,,,60694339.13,,,,145180493.97,40339930.38,,,,,104840563.59
bj920000,一般企业,20210930,2021-10-28,,42787712.99,,,,,583552.8,55571416.73,56154969.53,1440000.0,4046686.47,,,,,,,786322.13,,116816082.48,,,,66609787.83,,,288641561.43,,,,,,,,,,,,,,264028313.83,,4798714.09,,,,,,42344610.86,,,3323303.58,6772438.29,13733461.25,,,335000841.9,,,623642403.33,,,,,,,,52454987.07,52454987.07,,1921862.93,,,3843455.56,1656478.88,,,,106828.49,,,,,,15000000.0,,,219355.8,,,75202968.73,26000000.0,,,,,,0.0,,,,2945793.66,40356536.25,,,,69302329.91,,,144505298.64,93689065.0,150807430.73,,,,,,21884604.34,,212416934.35,,478798034.42,339070.27,,,479137104.69,0.0,0.0,623642403.33,283322969.7,283322969.7,,,,,,250817279.99,213103650.87,,,,,,,,3165210.76,12326744.21,9395783.78,8741357.67,2715179.9,997546.26,101745.32,331422.69,1037930.11,,,,1647002.29,,,,,4876.08,6654662.87,,,40812230.95,24123.58,,345119.03,,,,40491235.5,5726649.0,,,34764586.5,34764586.5,0.0,34609605.9,154980.6,0.37,0.37,,,,,,,,,,,,,,,,,,,,34764586.5,34609605.9,154980.6,-837003.03,,,257488136.41,,,,,,,,,,,14097892.81,10800228.01,,,282386257.23,172963002.92,,,,,,47823023.49,10199189.04,42080034.96,,,273065250.41,,0.0,9321006.82,245000000.0,1647002.29,188417.0,,,,,246835419.29,34969838.33,310000000.0,,,,,,344969838.33,,0.0,-98134419.04,3762818.39,,,,,,,3762818.39,4500000.0,12005184.12,,,,,16505184.12,,0.0,-12742365.73,-102392780.98,145180493.97,42787712.99,,,,,,,,,,,,,,,,,,,,,,,,,,,,,
bj920000,一般企业,20201231,2022-04-06,,145180493.97,,,,,860038.6000000002,45009838.35,45869876.95,1078642.72,2185338.84,,,,,,567196.91,567196.91,,91787044.18,,,,3736432.41,,,290405025.98,,,,,,,,,,,,,110531118.63,110531118.63,140998693.22,140998693.22,,,,,,43283177.49000001,,,,6358683.4300000025,11461538.0,,,312633210.76999986,,,603038236.7499999,,,,,,,,53604273.88,53604273.88,,2232987.000000001,,,7340637.98,2857477.81,,,1687224.34,1687224.34,,,,,,12000000.0,,,559157.36,,,80281758.36999999,33500000.0,,,,,,0.0,,,,1409449.43,38003587.39,,,,72913036.82000001,,,153194795.19,77470000.0,163269605.88,,,,,,21884604.34,,187035141.6700001,,449659351.89,184089.67,,,449843441.5600001,0.0,0.0,603038236.7499999,302373731.02,302373731.02,,,,,,251505694.41,203322965.01,,,,,,,,4286296.05,15049786.64,13249981.85,12052667.08,2222432.02,72422.84,87760.44,272219.23,1049346.53,,,,314904.11,,,,,-113621.54,3790669.88,,,54859989.06,91504.0,,128262.57,,,,54823230.49,7262898.58,,,47560331.91,47560331.91,,47384226.95,176104.96,0.66,0.66,,,,,,,,,,,,,,,,,,,,47560331.91,47384226.95,176104.96,-1020375.88,,,300895879.58,,,,,,,,,,,12281098.0,14025253.17,,,327202230.75,177933315.26,,,,,,49341739.72,15743832.5,23489004.14,,,266507891.62,,0.0,60694339.13,103000000.0,314904.11,105000.0,,,,,103419904.11,58017093.69999999,103000000.0,,,,,,161017093.7,,0.0,-57597189.59000001,117352000.0,,,,,,,117352000.0,4500000.0,10088210.07,,,,,14588210.07,,0.0,102763789.93,104840563.59,40339930.38,145180493.97,47560331.91,272219.23,10441352.99,1255649.0,,113621.54,,,1092798.72,-314904.11,-1641411.28,422463.0,-23515587.94,-9785480.81,33743940.35,,,,60694339.13,,,,145180493.97,40339930.38,,,,,104840563.59
bj920000,一般企业,20211231,2022-04-06,,35851439.27,,,70205179.17,,10016775.97,67280205.98,77296981.95,,2235864.28,,,,,,806858.95,806858.95,,123899669.81,,,,2586423.73,,,312882417.16,,,,,,,,,,,,,282594180.7,282594180.7,2270280.58,2270280.58,,,,,,42031755.32,,,,7863891.96,7929222.61,,,342689331.17,,,655571748.33,,,,,,,,55676512.15,55676512.15,,4880801.83,,,6974080.64,2170887.44,,,250697.57,250697.57,,,,,,16067557.53,,,10282295.91,,,96302833.07,24000000.0,,,,,,0.0,,,,3958586.55,46860410.09,,,,74818996.64,,,171121829.71,93689065.0,150807430.73,,,,,,25909784.4,,213607313.93,,484013594.06,436324.56,,,484449918.62,0.0,0.0,655571748.33,389809129.91,389809129.91,,,,,,355054916.45,308487219.14,,,,,,,,4621380.03,6137385.08,14880077.41,13439299.27,5458797.41,1636268.38,495256.09,202189.65,1828568.46,,,205179.17,2147349.52,,,,,23469.16,5030762.92,,,42160974.23,4320916.18,,502668.29,,,,45979222.12,4979986.18,,,40999235.94,40999235.94,,40747001.05,252234.89,0.44,0.44,,,,,,,,,,,,,,,,,,,,40999235.94,40747001.05,252234.89,-1857538.03,,,352913843.47,,,,,,,,,,,18265691.03,20897250.87,,,392076785.37,274417331.3,,,,,,62612993.29,11828840.74,20707952.04,,,369567117.37,,0.0,22509668.0,330000000.0,2147349.52,354617.0,,,,,332501966.52,48169620.87,400000000.0,,,,,,448169620.87,,0.0,-115667654.35,3762818.39,,,,,,,3762818.39,5500000.0,12576348.71,,,,,18076348.71,,0.0,-14313530.32,-109329054.7,145180493.97,35851439.27,40999235.94,202189.65,15340425.8,1251422.17,,-23469.16,384799.71,-205179.17,3493806.41,-2147349.52,-1505208.53,2549137.12,-32314815.28,-31310024.54,23966128.94,,0.0,,22509668.0,,,,35851439.27,145180493.97,,,,,-109329054.7
bj920000,一般企业,20211231,2022-04-29,,35851439.27000001,70205179.17,,,,10016775.97,67280205.98000002,77296981.95,,2235864.28,,,,,,,806858.9500000002,,123899669.81,,,,2586423.73,,,312882417.15999985,,,,,,,,,,,,,,282594180.70000017,,2270280.58,,,,,,42031755.32,,,,7863891.960000001,7929222.6099999985,,,342689331.17,,,655571748.3299999,,,,,,,,55676512.15000001,55676512.15000001,,4880801.83,,,6974080.640000002,2170887.44,,,,250697.57,,,,,,16067557.53,,,10282295.91,,,96302833.07000002,24000000.0,,,,,,0.0,,,,3958586.55,46860410.08999999,,,,74818996.64,,,171121829.71,93689065.0,150807430.73,,,,,,25909784.4,,213607313.93,,484013594.0600001,436324.56,,,484449918.6200001,0.0,0.0,655571748.3299999,389809129.91,389809129.91,,,,,,355054916.45,308487219.13999987,,,,,,,,4621380.029999998,6137385.08,14880077.41,13439299.27,5458797.41,1636268.38,495256.09,202189.65,1828568.46,,,205179.17,2147349.52,,,,,23469.16,5030762.92,,,42160974.23,4320916.18,,502668.29,,,,45979222.12000001,4979986.18,,,40999235.94,40999235.94,,40747001.05,252234.89,0.44,0.44,,,,,,,,,,,,,,,,,,,,40999235.94,40747001.05,252234.89,-1857538.03,,,352913843.47000015,,,,,,,,,,,18265691.03,20897250.87,,,392076785.37,274417331.3,,,,,,62612993.28999999,11828840.74,20707952.04,,,369567117.37,,0.0,22509668.0,330000000.0,2147349.52,354616.99999999994,,,,,332501966.52,48169620.87000001,400000000.0,,,,,,448169620.87,,0.0,-115667654.35,3762818.39,,,,,,,3762818.39,5500000.0,12576348.71,,,,,18076348.71,,0.0,-14313530.32,-109329054.7,145180493.97,35851439.27000001,40999235.94,202189.65,15340425.8,1251422.17,,-23469.16,384799.71,-205179.17,3493806.41,-2147349.52,-1505208.53,2549137.12,-32314815.28,-31310024.54,23966128.94,,0.0,,22509668.0,,,,35851439.27000001,145180493.97,,,,,-109329054.7
bj920000,一般企业,20220331,2022-04-29,,61233171.84,15097333.33,,,,8393914.11,69453097.03,77847011.14,,3800648.11,,,,,,,760957.62,,120831908.42,,,,30600419.45,,,310171449.91,,,,,,,,,,,,,,290676236.13,,582668.25,,,,,,41718899.78,,,2163066.67,7813132.09,6823432.15,,,349777435.07,,,659948884.98,,,,,,,,50946523.67,50946523.67,,2471415.27,,,4074226.02,2738372.24,,,,13792459.84,,,,,,11500000.0,,,6965940.12,,,92488937.16,22000000.0,,,,,,0.0,,,,5144523.23,46429772.45,,,,73574295.68,,,166063232.84,96369065.0,162487818.46,13400000.0,,,,,25909784.4,,222058967.99,,493425635.85,460016.29,,,493885652.14,0.0,0.0,659948884.98,106907499.93,106907499.93,,,,,,98168167.04,87150208.11,,,,,,,,1365719.68,1695906.02,4122232.99,2560041.5,1121542.46,410365.37,80004.61,128681.16,23835.12,,,97333.33,266285.16,,,,,-1728.74,485942.33,,,9587164.97,,,28124.08,,,,9559040.89,1083695.1,,,8475345.79,8475345.79,,8451654.06,23691.73,0.0894,0.0894,,,,,,,,,,,,,,,,,,,,8475345.79,8451654.06,23691.73,-241553.62,,,95865173.17,,,,,,,,,,,5621117.9,1133647.79,,,102619938.86,60895227.53,,,,,,19054278.84,1606198.2,13739592.59,,,95295297.16,,0.0,7324641.7,70000000.0,471464.33,16300.0,,,,,70487764.33,13611196.94,45000000.0,,,,,,58611196.94,,0.0,11876567.39,13400000.0,,,,,,,13400000.0,6500000.0,477922.9,,,,,6977922.9,,0.0,6422077.1,25381732.57,35851439.27,61233171.84,,,,,,,,,,,,,,,,,,,,,,,,,,,,,
bj920000,一般企业,20211231,2022-08-24,,35851439.27,,,70205179.17,,10016775.97,67280205.98,77296981.95,,2235864.28,,,,,,806858.95,806858.95,,123899669.81,,,,2586423.73,,,312882417.16,,,,,,,,,,,,,282594180.7,282594180.7,2270280.58,2270280.58,,,,,,42031755.32,,,,7863891.96,7929222.61,,,342689331.17,,,655571748.33,,,,,,,,55676512.15,55676512.15,,4880801.83,,,6974080.64,2170887.44,,,250697.57,250697.57,,,,,,16067557.53,,,10282295.91,,,96302833.07,24000000.0,,,,,,0.0,,,,3958586.55,46860410.09,,,,74818996.64,,,171121829.71,93689065.0,150807430.73,,,,,,25909784.4,,213607313.93,,484013594.06,436324.56,,,484449918.62,0.0,0.0,655571748.33,389809129.91,389809129.91,,,,,,355054916.45,308487219.14,,,,,,,,4621380.03,6137385.08,14880077.41,13439299.27,5458797.41,1636268.38,495256.09,202189.65,1828568.46,,,205179.17,2147349.52,,,,,23469.16,5030762.92,,,42160974.23,4320916.18,,502668.29,,,,45979222.12,4979986.18,,,40999235.94,40999235.94,,40747001.05,252234.89,0.44,0.44,,,,,,,,,,,,,,,,,,,,40999235.94,40747001.05,252234.89,-1857538.03,,,352913843.47,,,,,,,,,,,18265691.03,20897250.87,,,392076785.37,274417331.3,,,,,,62612993.29,11828840.74,20707952.04,,,369567117.37,,0.0,22509668.0,330000000.0,2147349.52,354617.0,,,,,332501966.52,48169620.87,400000000.0,,,,,,448169620.87,,0.0,-115667654.35,3762818.39,,,,,,,3762818.39,5500000.0,12576348.71,,,,,18076348.71,,0.0,-14313530.32,-109329054.7,145180493.97,35851439.27,40999235.94,202189.65,15340425.8,1251422.17,,-23469.16,384799.71,-205179.17,3493806.41,-2147349.52,-1505208.53,2549137.12,-32314815.28,-31310024.54,23966128.94,,0.0,,22509668.0,,,,35851439.27,145180493.97,,,,,-109329054.7
bj920000,一般企业,20220630,2022-08-24,,44573726.54,,,14079566.67,,6136683.28,61027545.69,67164228.97,636000.0,3493446.28,,,,,,802604.23,802604.23,,118140272.84,,,,16054901.72,,,264944747.25,,,,,,,,,,,,,288247140.81,288247140.81,,0.0,,,,,,41643507.36,,,2754751.37,7713053.38,7613614.09,,,347972067.01,,,612916814.26,,,,,,,,40562549.64,40562549.64,,1571045.14,,,3700900.3,2879163.85,,,13543716.0,13543716.0,,,,,,,,,3593064.44,,,65850439.37,,,,,,,0.0,,,,6604142.73,46030623.77,,,,52634766.5,,,118485205.87,96369065.0,163589968.46,13400000.0,,,,,25909784.4,,221428306.2,,493897124.06,534484.33,,,494431608.39,0.0,0.0,612916814.26,193378923.4,193378923.4,,,,,,178260504.67,157369018.92,,,,,,,,2926176.82,2983286.29,8268428.61,6794380.81,76312.79,762784.12,163972.55,219251.45,-376351.02,,,176900.0,441868.5,,,,,-1728.74,1316584.97,,,17052043.46,,,55078.31,,,,16996965.15,2813825.21,,,14183139.94,,,14084980.17,98159.77,0.15,0.15,,,,,,,,,,,,,,,,,,,,14183139.94,14084980.17,98159.77,-27322.72,,,182981234.68,,,,,,,,,,,8568840.87,1218584.52,,,192768660.07,126897087.54,,,,,,34227874.55,3831414.51,8437492.65,,,173393869.25,,0.0,19374790.82,100000000.0,744381.0,7300.0,,,,,100751681.0,18682532.28,59000000.0,,,,,,77682532.28,,0.0,23069148.72,13400000.0,,,,,,,13400000.0,40000000.0,7094329.55,,,,,47094329.55,,0.0,-33694329.55,8722287.27,35851439.27,44573726.54,14183139.94,219251.45,10040909.09,632495.74,356869.61,1728.74,40828.31,-176900.0,790106.84,-441868.5,150838.58,2645556.18,5540145.52,-4848701.27,-9383258.39,,,,19374790.82,,,,44573726.54,35851439.27,,,,,8722287.27
bj920000,一般企业,20211231,2022-10-28,,35851439.27,,,70205179.17,,10016775.97,67280205.98,77296981.95,,2235864.28,,,,,,,806858.95,,123899669.81,,,,2586423.73,,,312882417.16,,,,,,,,,,,,,,282594180.7,,2270280.58,,,,,,42031755.32,,,,7863891.96,7929222.61,,,342689331.17,,,655571748.33,,,,,,,,55676512.15,55676512.15,,4880801.83,,,6974080.64,2170887.44,,,,250697.57,,,,,,16067557.53,,,10282295.91,,,96302833.07,24000000.0,,,,,,0.0,,,,3958586.55,46860410.09,,,,74818996.64,,,171121829.71,93689065.0,150807430.73,,,,,,25909784.4,,213607313.93,,484013594.06,436324.56,,,484449918.62,0.0,0.0,655571748.33,389809129.91,389809129.91,,,,,,355054916.45,308487219.14,,,,,,,,4621380.03,6137385.08,14880077.41,13439299.27,5458797.41,1636268.38,495256.09,202189.65,1828568.46,,,205179.17,2147349.52,,,,,23469.16,5030762.92,,,42160974.23,4320916.18,,502668.29,,,,45979222.12,4979986.18,,,40999235.94,40999235.94,,40747001.05,252234.89,0.44,0.44,,,,,,,,,,,,,,,,,,,,40999235.94,40747001.05,252234.89,-1857538.03,,,352913843.47,,,,,,,,,,,18265691.03,20897250.87,,,392076785.37,274417331.3,,,,,,62612993.29,11828840.74,20707952.04,,,369567117.37,,0.0,22509668.0,330000000.0,2147349.52,354617.0,,,,,332501966.52,48169620.87,400000000.0,,,,,,448169620.87,,0.0,-115667654.35,3762818.39,,,,,,,3762818.39,5500000.0,12576348.71,,,,,18076348.71,,0.0,-14313530.32,-109329054.7,145180493.97,35851439.27,40999235.94,202189.65,15340425.8,1251422.17,,-23469.16,384799.71,-205179.17,3493806.41,-2147349.52,-1505208.53,2549137.12,-32314815.28,-31310024.54,23966128.94,,0.0,,22509668.0,,,,35851439.27,145180493.97,,,,,-109329054.7
bj920000,一般企业,20220930,2022-10-28,,68570813.45,,,10051680.56,,17915068.33,58410896.85,76325965.18,,2636108.55,,,,,,,656014.39,,111855959.75,,,,30000291.87,,,300096833.75,,,,,,,,,,,,,,285647321.48,,282562.38,,,,,,41320032.36,,,3135841.0,7680334.18,10169062.75,,,348235154.15,,,648331987.9,,,,,,,1660000.0,41688979.59,43348979.59,,1311849.9,,,4433010.26,3842820.15,,,,16543216.0,,,,,,,,,16060464.51,,,85540340.41,,,,,,,0.0,,,,6594345.31,45631475.09,,,,52225820.4,,,137766160.81,96369065.0,164692118.46,13400000.0,,,,,25909784.4,,236371898.15,,509942866.01,622961.08,,,510565827.09,0.0,0.0,648331987.9,291937482.69,291937482.69,,,,,,262090551.3,233674432.2,,,,,,,,4332032.22,4443124.33,12241150.55,9715644.41,-2291311.23,963415.78,237483.76,414483.24,-439004.42,,,228580.56,840801.83,,,,,18851.78,1959233.65,,,32894399.21,66.13,,98644.94,,,,32795820.4,3580611.76,,,29215208.64,29215208.64,,29028572.11,186636.53,0.3,,,,,,,,,,,,,,,,,,,,,29215208.64,29028572.11,186636.53,845385.71,,,277368446.82,,,,,,,,,,,9872379.48,3001319.11,,,290242145.41,168512239.63,,,,,,48044198.47,6113014.54,11317411.42,,,233986864.06,,0.0,56255281.35,129000000.0,1222881.0,38300.0,,,,,130261181.0,22798144.33,98000000.0,,,,,,120798144.33,,0.0,9463036.67,13400000.0,,,,,,,13400000.0,40000000.0,7094329.55,,150000.0,,,47244329.55,,0.0,-33844329.55,32719374.18,35851439.27,68570813.45,,,,,,,,,,,,,,,,,,,,,,,,,,,,,
bj920000,一般企业,20211231,2023-04-24,2023-04-25 04:24:25,35851439.27,,,70205179.17,,10016775.97,67280205.98,77296981.95,,2235864.28,,,,,,806858.95,806858.95,,123899669.81,,,,2586423.73,,,312882417.16,,,,,,,,,,,,,282594180.7,282594180.7,2270280.58,2270280.58,,,,,,42031755.32,,,,7863891.96,7929222.61,,,342689331.17,,,655571748.33,,,,,,,,55676512.15,55676512.15,,4880801.83,,,6974080.64,2170887.44,,,250697.57,250697.57,,,,,,16067557.53,,,10282295.91,,,96302833.07,24000000.0,,,,,,0.0,,,,3958586.55,46860410.09,,,,74818996.64,,,171121829.71,93689065.0,150807430.73,,,,,,25909784.4,,213607313.93,,484013594.06,436324.56,,,484449918.62,0.0,0.0,655571748.33,389809129.91,389809129.91,,,,,,355054916.45,308487219.14,,,,,,,,4621380.03,6137385.08,14880077.41,13439299.27,5458797.41,1636268.38,495256.09,202189.65,1828568.46,,,205179.17,2147349.52,,,,,23469.16,5030762.92,,,42160974.23,4320916.18,,502668.29,,,,45979222.12,4979986.18,,,40999235.94,40999235.94,,40747001.05,252234.89,0.44,0.44,,,,,,,,,,,,,,,,,,,,40999235.94,40747001.05,252234.89,-1857538.03,,,352913843.47,,,,,,,,,,,18265691.03,20897250.87,,,392076785.37,274417331.3,,,,,,62612993.29,11828840.74,20707952.04,,,369567117.37,,0.0,22509668.0,330000000.0,2147349.52,354617.0,,,,,332501966.52,48169620.87,400000000.0,,,,,,448169620.87,,0.0,-115667654.35,3762818.39,,,,,,,3762818.39,5500000.0,12576348.71,,,,,18076348.71,,0.0,-14313530.32,-109329054.7,145180493.97,35851439.27,40999235.94,202189.65,15340425.8,1251422.17,,-23469.16,384799.71,-205179.17,3493806.41,-2147349.52,-1505208.53,2549137.12,-32314815.28,-31310024.54,23966128.94,,,,22509668.0,,,,35851439.27,145180493.97,,,,,-109329054.7
bj920000,一般企业,20221231,2023-04-24,2023-04-25 04:24:25,52242476.82,,,30443189.61,,10224910.98,68440783.59,78665694.57,3446907.12,1921071.94,,,,,,687678.12,687678.12,,117370657.65,,,,31174956.54,,,315952632.37,,,,,,,,,,,,,290472067.62,290472067.62,,0.0,,,,,,41168307.61,,,2131071.97,7699069.56,3846937.83,,,345317454.59,,,661270086.96,1000000.0,,,,,,6246531.95,52893014.18,59139546.13,,5725604.64,,,6233766.95,3631486.39,,,13584604.5,13584604.5,,,,,,,,,9257586.96,,,98572595.57,,,,,,,0.0,,,,7683418.99,45232326.41,,,,52915745.4,,,151488340.97,94360000.0,152662352.96,13400000.0,,,,,30041571.27,,245323257.95,,508987182.18,794563.81,,,509781745.99,0.0,0.0,661270086.96,380951069.13,380951069.13,,,,,,340885806.72,300436557.9,,,,,,,,6085094.79,6005682.84,15159113.84,15432850.27,-2981435.41,762784.12,369495.13,658577.59,89364.9,,,671770.17,1170871.27,,,,,18851.78,2500251.85,,,44427007.48,2519364.58,,100763.95,,,,46845608.11,4375650.07,,,42469958.04,42469958.04,,42111718.79,358239.25,0.44,0.44,,,,,,,,,,,,,,,,,,,,42469958.04,42111718.79,358239.25,1332875.09,,,357042559.38,,,,,,,,,,,12285912.0,5214882.93,,,374543354.31,216298991.54,,,,,,63437740.49,9359318.95,15541522.67,,,304637573.65,,0.0,69905780.66,174000000.0,1513131.0,74033.99,,,,,175587164.99,25517629.06,163000000.0,,,,,,188517629.06,,0.0,-12930464.07,13400000.0,,1000000.0,,,,,14400000.0,40000000.0,7094329.55,,10732380.5,,,57826710.05,,0.0,-43426710.05,14881481.63,35851439.27,50732920.9,42469958.04,658577.59,20749533.7,1306987.52,598190.35,-18851.78,35715.5,-671770.17,-570090.97,-1170871.27,164822.4,3724832.44,5870434.57,-612637.16,-2718415.0,,,,69905780.66,,,,50732920.9,35851439.27,,,,,14881481.63
bj920000,一般企业,20221231,2023-04-27,2023-04-28 05:03:31,52242476.82,,,30443189.61,,10224910.98,68440783.59,78665694.57,3446907.12,1921071.94,,,,,,,687678.12,,117370657.65,,,,31174956.54,,,315952632.37,,,,,,,,,,,,,,290472067.62,,0.0,,,,,,41168307.61,,,2131071.97,7699069.56,3846937.83,,,345317454.59,,,661270086.96,1000000.0,,,,,,6246531.95,52893014.18,59139546.13,,5725604.64,,,6233766.95,3631486.39,,,,13584604.5,,,,,,,,,9257586.96,,,98572595.57,,,,,,,0.0,,,,7683418.99,45232326.41,,,,52915745.4,,,151488340.97,94360000.0,152662352.96,13400000.0,,,,,30041571.27,,245323257.95,,508987182.18,794563.81,,,509781745.99,0.0,0.0,661270086.96,380951069.13,380951069.13,,,,,,340885806.72,300436557.9,,,,,,,,6085094.79,6005682.84,15159113.84,15432850.27,-2981435.41,762784.12,369495.13,658577.59,89364.9,,,671770.17,1170871.27,,,,,18851.78,2500251.85,,,44427007.48,2519364.58,,100763.95,,,,46845608.11,4375650.07,,,42469958.04,42469958.04,,42111718.79,358239.25,0.44,0.44,,,,,,,,,,,,,,,,,,,,42469958.04,42111718.79,358239.25,1332875.09,,,357042559.38,,,,,,,,,,,12285912.0,5214882.93,,,374543354.31,216298991.54,,,,,,63437740.49,9359318.95,15541522.67,,,304637573.65,,0.0,69905780.66,174000000.0,1513131.0,74033.99,,,,,175587164.99,25517629.06,163000000.0,,,,,,188517629.06,,0.0,-12930464.07,13400000.0,,1000000.0,,,,,14400000.0,40000000.0,7094329.55,,10732380.5,,,57826710.05,,0.0,-43426710.05,14881481.63,35851439.27,50732920.9,42469958.04,658577.59,20749533.7,1306987.52,598190.35,-18851.78,35715.5,-671770.17,-570090.97,-1170871.27,164822.4,3724832.44,5870434.57,-612637.16,-2718415.0,,,,69905780.66,,,,50732920.9,35851439.27,,,,,14881481.63
bj920000,一般企业,20230331,2023-04-27,2023-04-28 05:03:31,63425589.58,,,20268357.92,,4998400.59,74745755.19,79744155.78,1886907.12,2791597.53,,,,,,,991809.41,,112448740.49,,,,38447376.03,,,320004533.86,,,,,,,,,,,,,,287870542.33,,0.0,,,,,,41044153.46,,,2001661.6,7759001.13,3638439.65,,,342313798.17,,,662318332.03,1000000.0,,,,,,7812577.41,44034213.4,51846790.81,,1799098.55,,,3854616.56,4053792.41,,,,15961799.08,,,,,,,,,3847629.94,,,82363727.35,,,,,,,0.0,,,,7698485.43,47625180.23,,,,55323665.66,,,137687393.01,94360000.0,152662352.96,13400000.0,,,,,30041571.27,,260116917.89,,523780842.12,850096.9,,,524630939.02,0.0,0.0,662318332.03,98046133.07,98046133.07,,,,,,86965084.21,76610354.58,,,,,,,,1757769.82,1711118.9,3333285.92,2709685.75,376290.45,,117904.11,112077.03,354501.76,,,129056.65,19580.43,,,,,,1746444.15,,,12976130.09,3704074.99,,132502.0,,,,16547703.08,1698510.05,,,14849193.03,,,14793659.94,55533.09,0.16,0.16,,,,,,,,,,,,,,,,,,,,14849193.03,14793659.94,55533.09,-42445.78,,,82247463.34,,,,,,,,,,,2790226.03,8427661.64,,,93465351.01,55864889.88,,,,,,16746936.67,3734748.29,3710471.48,,,80057046.32,,0.0,13408304.69,20000000.0,60828.77,,,,,,20060828.77,3244282.07,19000000.0,,,,,,22244282.07,,0.0,-2183453.3,,,,,,,,,,,,,,,,,,,11182405.61,50732920.9,61915326.51,,,,,,,,,,,,,,,,,,,,,,,,,,,,,
bj920000,一般企业,20221231,2023-08-24,2023-08-25 03:55:19,52242476.82,,,30443189.61,,10224910.98,68440783.59,78665694.57,3446907.12,1921071.94,,,,,,687678.12,687678.12,,117370657.65,,,,31174956.54,,,315952632.37,,,,,,,,,,,,,290472067.62,290472067.62,,0.0,,,,,,41168307.61,,,2131071.97,7699069.56,3846937.83,,,345317454.59,,,661270086.96,1000000.0,,,,,,6246531.95,52893014.18,59139546.13,,5725604.64,,,6233766.95,3631486.39,,,13584604.5,13584604.5,,,,,,,,,9257586.96,,,98572595.57,,,,,,,0.0,,,,7683418.99,45232326.41,,,,52915745.4,,,151488340.97,94360000.0,152662352.96,13400000.0,,,,,30041571.27,,245323257.95,,508987182.18,794563.81,,,509781745.99,0.0,0.0,661270086.96,380951069.13,380951069.13,,,,,,340885806.72,300436557.9,,,,,,,,6085094.79,6005682.84,15159113.84,15432850.27,-2981435.41,762784.12,369495.13,658577.59,89364.9,,,671770.17,1170871.27,,,,,18851.78,2500251.85,,,44427007.48,2519364.58,,100763.95,,,,46845608.11,4375650.07,,,42469958.04,42469958.04,,42111718.79,358239.25,0.44,0.44,,,,,,,,,,,,,,,,,,,,42469958.04,42111718.79,358239.25,1332875.09,,,357042559.38,,,,,,,,,,,12285912.0,5214882.93,,,374543354.31,216298991.54,,,,,,63437740.49,9359318.95,15541522.67,,,304637573.65,,0.0,69905780.66,174000000.0,1513131.0,74033.99,,,,,175587164.99,25517629.06,163000000.0,,,,,,188517629.06,,0.0,-12930464.07,13400000.0,,1000000.0,,,,,14400000.0,40000000.0,7094329.55,,10732380.5,,,57826710.05,,0.0,-43426710.05,14881481.63,35851439.27,50732920.9,42469958.04,658577.59,20749533.7,1306987.52,598190.35,-18851.78,35715.5,-671770.17,-570090.97,-1170871.27,164822.4,3724832.44,5870434.57,-612637.16,-2718415.0,,,,69905780.66,,,,50732920.9,35851439.27,,,,,14881481.63
bj920000,一般企业,20230630,2023-08-24,2023-08-25 03:55:19,67887004.3,,,19908389.51,,9982061.58,72312882.5,82294944.08,1150000.0,2193871.42,,,,,,1509113.53,1509113.52,,112901645.3,,,,30373892.47,,,318218860.6,,,,,,,,,,,,,283741774.75,283741774.75,446887.16,446887.16,,,,,,40680407.0,,,1969559.26,8380094.97,7507711.69,,,342726434.83,,,660945295.43,,,,,630960.48,,4876045.46,47679559.33,52555604.79,,1098282.98,,,3794938.49,3507144.98,,6234240.0,291400.0,6525640.0,,,,,,,,,6864937.95,,,74977509.67,,,,,,,0.0,,,,7549292.55,48360205.73,,,,55909498.28,,,130887007.95,91680000.0,141937296.36,,,,,,30041571.27,,265352595.8,,529011463.42,1046824.06,,,530058287.48,0.0,0.0,660945295.43,189894243.99,189894243.99,,,,,,164308908.71,146148403.51,,,,,,,,3573932.93,3766892.39,7359739.52,6749060.84,-3778413.5,,346653.65,217684.03,271608.99,,,-332691.36,-144650.27,,,,,12990.25,1111418.65,,,26232402.55,3708794.45,,154865.45,,,,29786331.55,3270493.46,,,26515838.09,26515838.09,,26263577.84,252260.25,0.28,0.28,,,,,,,,,,,,,,,,,,,,26515838.09,26263577.84,252260.25,1646353.96,,,175852968.98,,,,,,,,,,,3553733.85,8903095.22,,,188309798.05,110902193.53,,,,,,32104208.46,9215186.25,10386103.27,,,162607691.51,,0.0,25702106.54,29467450.18,131928.77,50894.8,,,,,29650273.75,9747153.3,19000000.0,,,,,,28747153.3,,0.0,903120.45,,,,,,,,,,,,13498744.09,,,13498744.09,,0.0,-13498744.09,14752836.86,50732920.9,65485757.76,27497729.77,-217684.03,9606559.26,726838.66,161512.71,-12990.25,154765.24,332691.36,-1646353.96,144650.27,-507750.41,134126.44,4251328.32,-1897122.19,-12754585.66,,,,25702106.54,,,,65485757.76,50732920.9,,,,,14752836.86
bj920000,一般企业,20221231,2023-10-30,2023-10-31 04:18:16,52242476.82,,,30443189.61,,10224910.98,68440783.59,78665694.57,3446907.12,1921071.94,,,,,,,687678.12,,117370657.65,,,,31174956.54,,,315952632.37,,,,,,,,,,,,,,290472067.62,,0.0,,,,,,41168307.61,,,2131071.97,7699069.56,3846937.83,,,345317454.59,,,661270086.96,1000000.0,,,,,,6246531.95,52893014.18,59139546.13,,5725604.64,,,6233766.95,3631486.39,,,,13584604.5,,,,,,,,,9257586.96,,,98572595.57,,,,,,,0.0,,,,7683418.99,45232326.41,,,,52915745.4,,,151488340.97,94360000.0,152662352.96,13400000.0,,,,,30041571.27,,245323257.95,,508987182.18,794563.81,,,509781745.99,0.0,0.0,661270086.96,380951069.13,380951069.13,,,,,,340885806.72,300436557.9,,,,,,,,6085094.79,6005682.84,15159113.84,15432850.27,-2981435.41,762784.12,369495.13,658577.59,89364.9,,,671770.17,1170871.27,,,,,18851.78,2500251.85,,,44427007.48,2519364.58,,100763.95,,,,46845608.11,4375650.07,,,42469958.04,42469958.04,,42111718.79,358239.25,0.44,0.44,,,,,,,,,,,,,,,,,,,,42469958.04,42111718.79,358239.25,1332875.09,,,357042559.38,,,,,,,,,,,12285912.0,5214882.93,,,374543354.31,216298991.54,,,,,,63437740.49,9359318.95,15541522.67,,,304637573.65,,0.0,69905780.66,174000000.0,1513131.0,74033.99,,,,,175587164.99,25517629.06,163000000.0,,,,,,188517629.06,,0.0,-12930464.07,13400000.0,,1000000.0,,,,,14400000.0,40000000.0,7094329.55,,10732380.5,,,57826710.05,,0.0,-43426710.05,14881481.63,35851439.27,50732920.9,42469958.04,658577.59,20749533.7,1306987.52,598190.35,-18851.78,35715.5,-671770.17,-570090.97,-1170871.27,164822.4,3724832.44,5870434.57,-612637.16,-2718415.0,,,,69905780.66,,,,50732920.9,35851439.27,,,,,14881481.63
bj920000,一般企业,20230930,2023-10-30,2023-10-31 04:18:16,78469716.02,,,18915640.45,,7786669.73,84810443.51,92597113.24,4014021.8,2764594.5,,,,,,,1497257.8,,106502192.08,,,,36373892.47,,,341134428.36,,,,,,,,,,,,37914860.03,,243335475.86,,95182.06,,,,,,40316660.54,,,2040602.3,8353312.43,8929923.81,,,340986017.03,,,682120445.39,,,,,163848.84,,15975966.72,44370745.19,60346711.91,,2002768.36,,,3831651.63,5105022.8,,,,562076.49,,,,,,,,,6454421.83,,,78466501.86,4000000.0,,,,,,0.0,,,,7439941.01,47910189.56,,,,59350130.57,,,137816632.43,91680000.0,141937296.36,,,,,,30041571.27,,279397998.5,,543056866.13,1246946.83,,,544303812.96,0.0,0.0,682120445.39,297176556.02,297176556.02,,,,,,256985358.66,226298198.07,,,,,,,,5056685.93,5881228.04,11537146.69,10007703.36,-3089017.88,16866.67,711549.32,264447.89,1028966.56,,,35476.6,-227295.17,,,,,12990.25,2000100.26,,,42012469.3,3708794.45,,154865.45,,,,45566398.3,4805036.66,,,40761361.64,40761361.64,,40308978.62,452383.02,0.43,,,,,,,,,,,,,,,,,,,,,40761361.64,40308978.62,452383.02,945894.61,,,269323543.02,,,,,,,,,,,6114734.7,9880763.43,,,285319041.15,160509851.46,,,,,,47591193.29,12818250.43,18943336.62,,,239862631.8,,0.0,45456409.35,68467450.18,288079.25,50894.8,,,,,68806424.23,14707559.22,63000000.0,,,,,,77707559.22,,0.0,-8901134.99,,,8000000.0,,,,,8000000.0,4000000.0,6234863.42,,13515610.76,,,23750474.18,,0.0,-15750474.18,21750694.79,50732920.9,72483615.69,,,,,,,,,,,,,,,,,,,,,,,,,,,,,
bj920000,一般企业,20221231,2024-04-26,2024-04-27 04:46:43,52242476.82,,,30443189.61,,10224910.98,68440783.59,78665694.57,3446907.12,1921071.94,,,,,,687678.12,687678.12,,117370657.65,,,,31174956.54,,,315952632.37,,,,,,,,,,,,,290472067.62,290472067.62,,0.0,,,,,,41168307.61,,,2131071.97,7699069.56,3846937.83,,,345317454.59,,,661270086.96,1000000.0,,,,,,6246531.95,52893014.18,59139546.13,,5725604.64,,,6233766.95,3631486.39,,,13584604.5,13584604.5,,,,,,,,,9257586.96,,,98572595.57,,,,,,,0.0,,,,7683418.99,45232326.41,,,,52915745.4,,,151488340.97,94360000.0,152662352.96,13400000.0,,,,,30041571.27,,245323257.95,,508987182.18,794563.81,,,509781745.99,0.0,0.0,661270086.96,380951069.13,380951069.13,,,,,,340885806.72,300436557.9,,,,,,,,6085094.79,6005682.84,15159113.84,15432850.27,-2981435.41,762784.12,369495.13,658577.59,89364.9,,,671770.17,1170871.27,,,,,18851.78,2500251.85,,,44427007.48,2519364.58,,100763.95,,,,46845608.11,4375650.07,,,42469958.04,42469958.04,,42111718.79,358239.25,0.44,0.44,,,,,,,,,,,,,,,,,,,,42469958.04,42111718.79,358239.25,1332875.09,,,357042559.38,,,,,,,,,,,12285912.0,5214882.93,,,374543354.31,216298991.54,,,,,,63437740.49,9359318.95,15541522.67,,,304637573.65,,0.0,69905780.66,174000000.0,1513131.0,74033.99,,,,,175587164.99,25517629.06,163000000.0,,,,,,188517629.06,,0.0,-12930464.07,13400000.0,,1000000.0,,,,,14400000.0,40000000.0,7094329.55,,10732380.5,,,57826710.05,,0.0,-43426710.05,14881481.63,35851439.27,50732920.9,42469958.04,658577.59,20749533.7,1306987.52,598190.35,-18851.78,35715.5,-671770.17,-570090.97,-1170871.27,164822.4,3724832.44,5870434.57,-612637.16,-2718415.0,,,,69905780.66,,,,50732920.9,35851439.27,,,,,14881481.63
bj920000,一般企业,20230331,2024-04-26,2025-11-27 02:45:08,63425589.58,,,20268357.92,,4998400.59,74745755.19,79744155.78,1886907.12,2791597.53,,,,,,,991809.41,,112448740.49,,,,38447376.03,,,320004533.86,,,,,,,,,,,,,,287870542.33,,0.0,,,,,,41044153.46,,,2001661.6,7759001.13,3638439.65,,,342313798.17,,,662318332.03,1000000.0,,,,,,7812577.41,44034213.4,51846790.81,,1799098.55,,,3854616.56,4053792.41,,,,15961799.08,,,,,,,,,3847629.94,,,82363727.35,,,,,,,0.0,,,,7698485.43,47625180.23,,,,55323665.66,,,137687393.01,94360000.0,152662352.96,13400000.0,,,,,30041571.27,,260116917.89,,523780842.12,850096.9,,,524630939.02,0.0,0.0,662318332.03,98046133.07,98046133.07,,,,,,86965084.21,76610354.58,,,,,,,,1757769.82,1711118.9,3333285.92,2709685.75,376290.45,,117904.11,112077.03,354501.76,,,129056.65,19580.43,,,,,,1746444.15,,,12976130.09,3704074.99,,132502.0,,,,16547703.08,1698510.05,,,14849193.03,,,14793659.94,55533.09,0.16,0.16,,,,,,,,,,,,,,,,,,,,14849193.03,14793659.94,55533.09,-42445.78,,,82247463.34,,,,,,,,,,,2790226.03,8427661.64,,,93465351.01,55864889.88,,,,,,16746936.67,3734748.29,3710471.48,,,80057046.32,,0.0,13408304.69,,60828.77,,,,,,20060828.77,3244282.07,19000000.0,,,,,,22244282.07,,0.0,-2183453.3,,,,,,,,,,,,,,,,,,,11182405.61,50732920.9,61915326.51,,,,,,,,,,,,,,,,,,,,,,,,,,,,,
bj920000,一般企业,20231231,2024-04-26,2024-04-27 04:46:43,120624688.07,,,34289478.25,,3531773.61,92838687.71,96370461.32,1656069.32,1821490.19,,,,,,,1921949.27,,106666108.3,,,,16562787.72,,,379913032.44,,,,,,,,,,,,,,277452884.38,,0.0,,,,,,40229594.47,,,2309905.72,8335556.12,9519877.3,,,337847817.99,,,717760850.43,,,,,,,28578370.69,49910776.4,78489147.09,,4810494.58,,,6695060.03,6286661.71,,,,727303.01,,,,,,,,,5655943.43,,,102664609.85,4000000.0,,,,,,0.0,,,,6650143.65,47460173.39,,,,58110317.04,,,160774926.89,91680000.0,141937296.36,,,,,2185950.98,35065881.79,,284734198.3,,555603327.43,1382596.11,,,556985923.54,0.0,0.0,717760850.43,403749232.84,403749232.84,,,,,,354267600.44,309707064.69,,,,,,,,7088131.93,8478353.86,16200454.26,14795561.55,-4056519.17,51750.0,1062141.87,543356.76,1511196.56,,,314829.73,192932.28,,,,,39656.4,2791979.07,,,52821029.88,6222568.97,,301729.46,,,,58741869.39,7535748.65,,,51206120.74,51206120.74,,50669488.94,536631.8,0.54,0.54,,,,,,,,,,,,,,,,,,,,51206120.74,50669488.94,536631.8,1916083.46,,,374675010.38,,,,,,,,,,,7786164.33,14587878.52,,,397049053.23,206685294.61,,,,,,63461023.74,17414516.15,32464201.53,,,320025036.03,,0.0,77024017.2,98000000.0,882863.37,138894.8,,,,,99021758.17,17746450.22,88000000.0,,,,,,105746450.22,,0.0,-6724692.05,,,8000000.0,,,,,8000000.0,4000000.0,6286613.42,,13498744.09,,,23785357.51,,0.0,-15785357.51,56430051.1,50732920.9,107162972.0,51206120.74,543356.76,22108876.74,1470606.92,576729.65,-39656.4,186344.22,-314829.73,-1864333.46,-192932.28,-636486.56,-1033275.34,10161192.59,-17947646.09,11288752.88,,,,77024017.2,,,,107162972.0,50732920.9,,,,,56430051.1
bj920000,一般企业,20240331,2024-04-26,2024-04-27 04:46:43,121526938.86,,,33445184.26,,4229756.53,81208240.54,85437997.07,282020.68,2653249.88,,,,,,,2106673.9,,115797856.46,,,,16491886.69,,,377741807.8,,,,,,,,,,,,,,272819425.29,,4455.45,,,,,,39841435.02,,,2136745.57,8369587.07,9797885.6,,,332969534.0,,,710711341.8,,,,,129220.5,,22776019.25,46338576.09,69114595.34,,1117997.0,,,4020700.46,5255894.32,,,,743610.57,,,,,,,,,3687429.14,,,84069447.33,4000000.0,,,,,,0.0,,,,6393426.1,47010157.22,,,,57403583.32,,,141473030.65,91680000.0,141937296.36,,,,,2755201.75,35065881.79,,296329384.23,,567767764.13,1470547.02,,,569238311.15,0.0,0.0,710711341.8,96399161.33,96399161.33,,,,,,83874602.1,72633228.77,,,,,,,,1667143.97,2286561.99,3495377.89,3261420.96,194444.28,33994.45,478949.28,795356.26,-458932.02,,,-192302.78,358473.67,,,,,39847.6,804071.42,,,13534649.14,,,984.88,,,,13533664.26,1850527.42,,,11683136.84,,,11595185.93,87950.91,0.13,0.13,,,,,,,,,,,,,,,,,,,,11683136.84,11595185.93,87950.91,-243787.91,,,94493909.04,,,,,,,,,,,2986829.35,2943029.11,,,100423767.5,68638448.03,,,,,,18257906.57,5453827.88,4012978.29,,,96363160.77,,0.0,4060606.73,722054.75,446180.63,118711.2,,,,,1286946.58,2093876.9,,,,,,,2093876.9,,0.0,-806930.32,,,,,,,,,,33994.45,,,,,33994.45,,0.0,-33994.45,2975894.05,107162972.0,110138866.05,,,,,,,,,,,,,,,,,,,,,,,,,,,,,
bj920000,一般企业,20230630,2024-08-26,2025-11-27 02:45:08,67887004.3,,,19908389.51,,9982061.58,72312882.5,82294944.08,1150000.0,2193871.42,,,,,,1509113.52,1509113.52,,112901645.3,,,,30373892.47,,,318218860.6,,,,,,,,,,,,,283741774.75,283741774.75,446887.16,446887.16,,,,,,40680407.0,,,1969559.26,8380094.97,7507711.69,,,342726434.83,,,660945295.43,,,,,630960.48,,4876045.46,47679559.33,52555604.79,,1098282.98,,,3794938.49,3507144.98,,6234240.0,291400.0,6525640.0,,,,,,,,,6864937.95,,,74977509.67,,,,,,,0.0,,,,7549292.55,48360205.73,,,,55909498.28,,,130887007.95,91680000.0,141937296.36,,,,,,30041571.27,,265352595.8,,529011463.42,1046824.06,,,530058287.48,0.0,0.0,660945295.43,189894243.99,189894243.99,,,,,,164308908.71,146148403.51,,,,,,,,3573932.93,3766892.39,7359739.52,6749060.84,-3778413.5,,346653.65,217684.03,271608.99,,,-332691.36,-144650.27,,,,,12990.25,1111418.65,,,26232402.55,3708794.45,,154865.45,,,,29786331.55,3270493.46,,,26515838.09,26515838.09,,26263577.84,252260.25,0.28,0.28,,,,,,,,,,,,,,,,,,,,26515838.09,26263577.84,252260.25,1646353.96,,,175852968.98,,,,,,,,,,,3553733.85,8903095.22,,,188309798.05,110902193.53,,,,,,32104208.46,9215186.25,10386103.27,,,162607691.51,,0.0,25702106.54,,131928.77,50894.8,,,,,29650273.75,9747153.3,19000000.0,,,,,,28747153.3,,0.0,903120.45,,,,,,,,,,,,13498744.09,,,13498744.09,,0.0,-13498744.09,14752836.86,50732920.9,65485757.76,27497729.77,-217684.03,9606559.26,726838.66,161512.71,-12990.25,154765.24,332691.36,-1646353.96,144650.27,-507750.41,134126.44,4251328.32,-1897122.19,-12754585.66,,,,25702106.54,,,,65485757.76,50732920.9,,,,,14752836.86
bj920000,一般企业,20231231,2024-08-26,2024-08-27 03:57:00,120624688.07,,,34289478.25,,3531773.61,92838687.71,96370461.32,1656069.32,1821490.19,,,,,,1921949.27,1921949.27,,106666108.3,,,,16562787.72,,,379913032.44,,,,,,,,,,,,,277452884.38,277452884.38,,0.0,,,,,,40229594.47,,,2309905.72,8335556.12,9519877.3,,,337847817.99,,,717760850.43,,,,,,,28578370.69,49910776.4,78489147.09,,4810494.58,,,6695060.03,6286661.71,,,727303.01,727303.01,,,,,,,,,5655943.43,,,102664609.85,4000000.0,,,,,,0.0,,,,6650143.65,47460173.39,,,,58110317.04,,,160774926.89,91680000.0,141937296.36,,,,,2185950.98,35065881.79,,284734198.3,,555603327.43,1382596.11,,,556985923.54,0.0,0.0,717760850.43,403749232.84,403749232.84,,,,,,354267600.44,309707064.69,,,,,,,,7088131.93,8478353.86,16200454.26,14795561.55,-4056519.17,51750.0,1062141.87,543356.76,1511196.56,,,314829.73,192932.28,,,,,39656.4,2791979.07,,,52821029.88,6222568.97,,301729.46,,,,58741869.39,7535748.65,,,51206120.74,51206120.74,,50669488.94,536631.8,0.54,0.54,,,,,,,,,,,,,,,,,,,,51206120.74,50669488.94,536631.8,1916083.46,,,374675010.38,,,,,,,,,,,7786164.33,14587878.52,,,397049053.23,206685294.61,,,,,,63461023.74,17414516.15,32464201.53,,,320025036.03,,0.0,77024017.2,98000000.0,882863.37,138894.8,,,,,99021758.17,17746450.22,88000000.0,,,,,,105746450.22,,0.0,-6724692.05,,,8000000.0,,,,,8000000.0,4000000.0,6286613.42,,13498744.09,,,23785357.51,,0.0,-15785357.51,56430051.1,50732920.9,107162972.0,51206120.74,543356.76,22108876.74,1470606.92,576729.65,-39656.4,186344.22,-314829.73,-1864333.46,-192932.28,-636486.56,-1033275.34,10161192.59,-17947646.09,11288752.88,,,,77024017.2,,,,107162972.0,50732920.9,,,,,56430051.1
bj920000,一般企业,20240630,2024-08-26,2024-08-27 03:57:00,96510988.74,,,33796818.29,,3523991.25,105463104.27,108987095.52,24078.28,2225698.01,,,,,,1906805.6,1906805.6,,121982598.71,,,,34157197.11,,,399591280.26,,,,,,,,,,,,,275626885.72,275626885.72,,0.0,,,,,,39473036.64,,,1963585.42,8629703.36,4315636.12,,,330008847.26,,,729600127.52,,,,,,,23906282.89,58549779.47,82456062.36,,1117263.97,,,4041419.19,4374735.23,,,567359.7,567359.7,,,,,,700000.0,,,3551358.16,,,96808198.61,3300000.0,,,,,,0.0,,,,6111365.64,46560141.05,,,,55971506.69,,,152779705.3,91680000.0,141937296.36,,,,,3258824.03,35065881.79,,303552394.23,,575494396.41,1326025.81,,,576820422.22,0.0,0.0,729600127.52,217419410.91,217419410.91,,,,,,186851435.37,161634751.75,,,,,,,,3388349.37,5327563.87,7467079.69,7743006.57,-917107.91,68238.89,1123916.67,1419619.51,788172.52,,,159331.25,798944.17,,,,,137115.98,2013091.8,,,33676458.74,,,1405.02,,,,33675053.72,4484139.88,,,29190913.84,29190913.84,,28902995.93,287917.91,0.32,0.32,,,,,,,,,,,,,,,,,,,,29190913.84,28902995.93,287917.91,158088.65,,,192362593.72,,,,,,,,,,,5300790.53,2237556.13,,,199900940.38,137478769.67,,,,,,35236661.37,12222540.11,10566543.48,,,195504514.63,,0.0,4396425.75,15722054.75,815180.63,243711.2,,,,,16780946.58,5243746.35,31000000.0,,,,,,36243746.35,,0.0,-19462799.77,,,,,,,,,,10418794.45,,,,,10418794.45,,0.0,-10418794.45,-25327079.82,107162972.0,81835892.18,29190913.84,1419619.51,9460930.78,778115.35,346320.3,-137115.98,1403.42,-159331.25,-89849.76,-798944.17,-294147.24,-538778.01,-16736109.92,-13756289.22,-4283625.34,,,,5191284.83,,,,81835892.18,107162972.0,,,,,-25327079.82
bj920000,一般企业,20230930,2024-10-28,2025-11-27 02:45:08,78469716.02,,,18915640.45,,7786669.73,84810443.51,92597113.24,4014021.8,2764594.5,,,,,,,1497257.8,,106502192.08,,,,36373892.47,,,341134428.36,,,,,,,,,,,,37914860.03,,243335475.86,,95182.06,,,,,,40316660.54,,,2040602.3,8353312.43,8929923.81,,,340986017.03,,,682120445.39,,,,,163848.84,,15975966.72,44370745.19,60346711.91,,2002768.36,,,3831651.63,5105022.8,,,,562076.49,,,,,,,,,6454421.83,,,78466501.86,4000000.0,,,,,,0.0,,,,7439941.01,47910189.56,,,,59350130.57,,,137816632.43,91680000.0,141937296.36,,,,,,30041571.27,,279397998.5,,543056866.13,1246946.83,,,544303812.96,0.0,0.0,682120445.39,297176556.02,297176556.02,,,,,,256985358.66,226298198.07,,,,,,,,5056685.93,5881228.04,11537146.69,10007703.36,-3089017.88,16866.67,711549.32,264447.89,1028966.56,,,35476.6,-227295.17,,,,,12990.25,2000100.26,,,42012469.3,3708794.45,,154865.45,,,,45566398.3,4805036.66,,,40761361.64,40761361.64,,40308978.62,452383.02,0.43,0.43,,,,,,,,,,,,,,,,,,,,40761361.64,40308978.62,452383.02,945894.61,,,269323543.02,,,,,,,,,,,6114734.7,9880763.43,,,285319041.15,160509851.46,,,,,,47591193.29,12818250.43,18943336.62,,,239862631.8,,0.0,45456409.35,,288079.25,50894.8,,,,,68806424.23,14707559.22,63000000.0,,,,,,77707559.22,,0.0,-8901134.99,,,8000000.0,,,,,8000000.0,4000000.0,6234863.42,,13515610.76,,,23750474.18,,0.0,-15750474.18,21750694.79,50732920.9,72483615.69,,,,,,,,,,,,,,,,,,,,,,,,,,,,,
bj920000,一般企业,20231231,2024-10-28,2024-10-29 04:28:05,120624688.07,,,34289478.25,,3531773.61,92838687.71,96370461.32,1656069.32,1821490.19,,,,,,,1921949.27,,106666108.3,,,,16562787.72,,,379913032.44,,,,,,,,,,,,,,277452884.38,,0.0,,,,,,40229594.47,,,2309905.72,8335556.12,9519877.3,,,337847817.99,,,717760850.43,,,,,,,28578370.69,49910776.4,78489147.09,,4810494.58,,,6695060.03,6286661.71,,,,727303.01,,,,,,,,,5655943.43,,,102664609.85,4000000.0,,,,,,0.0,,,,6650143.65,47460173.39,,,,58110317.04,,,160774926.89,91680000.0,141937296.36,,,,,2185950.98,35065881.79,,284734198.3,,555603327.43,1382596.11,,,556985923.54,0.0,0.0,717760850.43,403749232.84,403749232.84,,,,,,354267600.44,309707064.69,,,,,,,,7088131.93,8478353.86,16200454.26,14795561.55,-4056519.17,51750.0,1062141.87,543356.76,1511196.56,,,314829.73,192932.28,,,,,39656.4,2791979.07,,,52821029.88,6222568.97,,301729.46,,,,58741869.39,7535748.65,,,51206120.74,51206120.74,,50669488.94,536631.8,0.54,0.54,,,,,,,,,,,,,,,,,,,,51206120.74,50669488.94,536631.8,1916083.46,,,374675010.38,,,,,,,,,,,7786164.33,14587878.52,,,397049053.23,206685294.61,,,,,,63461023.74,17414516.15,32464201.53,,,320025036.03,,0.0,77024017.2,98000000.0,882863.37,138894.8,,,,,99021758.17,17746450.22,88000000.0,,,,,,105746450.22,,0.0,-6724692.05,,,8000000.0,,,,,8000000.0,4000000.0,6286613.42,,13498744.09,,,23785357.51,,0.0,-15785357.51,56430051.1,50732920.9,107162972.0,51206120.74,543356.76,22108876.74,1470606.92,576729.65,-39656.4,186344.22,-314829.73,-1864333.46,-192932.28,-636486.56,-1033275.34,10161192.59,-17947646.09,11288752.88,,,,77024017.2,,,,107162972.0,50732920.9,,,,,56430051.1
bj920000,一般企业,20240930,2024-10-28,2024-10-29 04:28:05,110448901.22,,,29085198.8,,13526991.8,109732248.85,123259240.65,1178954.57,2155147.88,,,,,,,1901331.55,,113740597.22,,,,57817150.81,,,439586522.7,,,,,,,,,,,,,,272494609.16,,0.0,,,,,,39134703.2,,,1790425.27,8681994.11,6668790.14,,,328770521.88,,,768357044.58,,,,,,,31557375.69,51323422.86,82880798.55,,2100876.38,,,4098028.38,6395030.04,,,,7760003.65,,,,,,,,,13357229.47,,,116591966.47,4000000.0,,,,,,0.0,,,,5843312.7,46110124.87,,,,55953437.57,,,172545404.04,91680000.0,141937296.36,,,,,3817298.23,35065881.79,,321734364.61,,594234840.99,1576799.55,,,595811640.54,0.0,0.0,768357044.58,352937982.8,352937982.8,,,,,,296146112.03,258259821.8,,,,,,,,4797790.75,8567093.51,11144482.68,11551007.15,-2326255.2,102483.33,1720016.7,3098645.04,1053526.3,,,335057.74,1107569.55,,,,,149727.56,3178382.9,,,61562608.52,3000.0,,118711.72,,,,61446896.8,8337743.98,,,53109152.82,53109152.82,,52585766.31,523386.51,0.57,0.57,,,,,,,,,,,,,,,,,,,,53109152.82,52585766.31,523386.51,951272.92,,,323008703.53,,,,,,,,,,,8646584.66,3656632.86,,,335311921.05,203120264.1,,,,,,52267758.04,16242391.41,18730654.47,,,290361068.02,,0.0,44950853.03,39524030.11,1209176.63,607827.04,,,,,41341033.78,11410136.27,75000000.0,,,,,,86410136.27,,0.0,-45069102.49,,,,,,,,,,15919594.45,,,,,15919594.45,,0.0,-15919594.45,-15086570.99,107162972.0,92076401.01,,,,,,,,,,,,,,,,,,,,,,,,,,,,,
bj920000,一般企业,20231231,2025-03-31,2025-05-01 22:56:50,120624688.07,,,34289478.25,,3531773.61,92838687.71,96370461.32,1656069.32,1821490.19,,,,,,1921949.27,1921949.27,,106666108.3,,,,16562787.72,,,379913032.44,,,,,,,,,,,,,277452884.38,277452884.38,,0.0,,,,,,40229594.47,,,2309905.72,8335556.12,9519877.3,,,337847817.99,,,717760850.43,,,,,,,28578370.69,49910776.4,78489147.09,,4810494.58,,,6695060.03,6286661.71,,,727303.01,727303.01,,,,,,,,,5655943.43,,,102664609.85,4000000.0,,,,,,0.0,,,,6650143.65,47460173.39,,,,58110317.04,,,160774926.89,91680000.0,141937296.36,,,,,2185950.98,35065881.79,,284734198.3,,555603327.43,1382596.11,,,556985923.54,0.0,0.0,717760850.43,403749232.84,403749232.84,,,,,,354267600.44,309707064.69,,,,,,,,7088131.93,8478353.86,16200454.26,14795561.55,-4056519.17,51750.0,1062141.87,543356.76,1511196.56,,,314829.73,192932.28,,,,,39656.4,2791979.07,,,52821029.88,6222568.97,,301729.46,,,,58741869.39,7535748.65,,,51206120.74,51206120.74,,50669488.94,536631.8,0.54,0.54,,,,,,,,,,,,,,,,,,,,51206120.74,50669488.94,536631.8,1916083.46,,,374675010.38,,,,,,,,,,,7786164.33,14587878.52,,,397049053.23,208511694.61,,,,,,63461023.74,17414516.15,30637801.53,,,320025036.03,,0.0,77024017.2,,882863.37,138894.8,,,,,99021758.17,17746450.22,88000000.0,,,,,,105746450.22,,0.0,-6724692.05,,,8000000.0,,,,,8000000.0,4000000.0,6286613.42,,13498744.09,,,23785357.51,,0.0,-15785357.51,56430051.1,50732920.9,107162972.0,51206120.74,543356.76,22108876.74,1470606.92,576729.65,-39656.4,186344.22,-314829.73,-1864333.46,-192932.28,-636486.56,-1033275.34,10161192.59,-17947646.09,11288752.88,,,,77024017.2,,,,107162972.0,50732920.9,,,,,56430051.1
bj920000,一般企业,20241231,2025-03-31,2025-05-01 22:56:50,127408505.67,,,85150148.25,,27429151.92,95876689.66,123305841.58,461533.13,696921.73,,,,,,1953963.91,1953963.91,,103321186.78,,,,2141491.38,,,444439592.43,,,,,,,,,,,,,268866504.05,268866504.05,6160453.26,6160453.26,,,,,,38740322.58,,,2226415.01,3492070.39,2545939.76,,,322031705.05,,,766471297.48,,,,,321135.0,,27713061.27,51193393.22,78906454.49,,7118076.06,,,8886657.11,5532754.48,,,289514.08,289514.08,,,,,,1150000.0,,,6798386.38,,,109002977.6,2500000.0,,,,,,0.0,,,,,46808312.45,,,,49308312.45,,,158311290.05,91680000.0,141937296.36,,,,,4280861.42,41938096.19,,326751018.56,,606587272.53,1572734.9,,,608160007.43,0.0,0.0,766471297.48,474104649.2,474104649.2,,,,,,405336824.82,349062318.54,,,,,,,,7139755.21,12885550.57,16364889.12,16144913.69,-1442792.36,136355.55,2074201.18,3569194.25,1612995.8,,,163705.15,1818341.76,,,,,149727.56,4377145.79,,,75276744.64,3000.0,,321924.04,,,,74957820.6,9979055.0,,,64978765.6,64978765.6,,64474634.66,504130.94,0.7,0.7,,,,,,,,,,,,,,,,,,,,64978765.6,64474634.66,504130.94,56994.14,,,434707980.45,,,,,,,,,,,9542955.07,5802486.03,,,450053421.55,267039848.92,,,,,,68189907.65,22622257.53,18144864.55,,,375996878.65,,0.0,74056542.9,,2442877.75,643928.33,,,,,133086440.24,14892400.68,166000000.0,,,,,,180892400.68,,0.0,-47805960.44,,,,,,,,,350000.0,16096955.55,,,,,16446955.55,,0.0,-16446955.55,9860621.05,107162972.0,117023593.05,64978765.6,3569194.25,22457389.57,1563926.76,724701.12,-149727.56,313456.3,-163705.15,79361.41,-1818341.76,4843485.73,-6650143.65,-224272.73,-23763186.26,6682643.47,,,,74056542.9,,,,117023593.05,107162972.0,,,,,9860621.05
bj920000,一般企业,20240331,2025-04-22,2025-11-27 02:45:08,121526938.86,,,33445184.26,,4229756.53,81208240.54,85437997.07,282020.68,2653249.88,,,,,,,2106673.9,,115797856.46,,,,16491886.69,,,377741807.8,,,,,,,,,,,,,,272819425.29,,4455.45,,,,,,39841435.02,,,2136745.57,8369587.07,9797885.6,,,332969534.0,,,710711341.8,,,,,129220.5,,22776019.25,46338576.09,69114595.34,,1117997.0,,,4020700.46,5255894.32,,,,743610.57,,,,,,,,,3687429.14,,,84069447.33,4000000.0,,,,,,0.0,,,,6393426.1,47010157.22,,,,57403583.32,,,141473030.65,91680000.0,141937296.36,,,,,2755201.75,35065881.79,,296329384.23,,567767764.13,1470547.02,,,569238311.15,0.0,0.0,710711341.8,96399161.33,96399161.33,,,,,,83874602.1,72633228.77,,,,,,,,1667143.97,2286561.99,3495377.89,3261420.96,194444.28,33994.45,478949.28,795356.26,-458932.02,,,-192302.78,358473.67,,,,,39847.6,804071.42,,,13534649.14,,,984.88,,,,13533664.26,1850527.42,,,11683136.84,11683136.84,,11595185.93,87950.91,0.13,0.13,,,,,,,,,,,,,,,,,,,,11683136.84,11595185.93,87950.91,-243787.91,,,94493909.04,,,,,,,,,,,2986829.35,2943029.11,,,100423767.5,68638448.03,,,,,,18257906.57,5453827.88,4012978.29,,,96363160.77,,0.0,4060606.73,,446180.63,118711.2,,,,,1286946.58,2093876.9,,,,,,,2093876.9,,0.0,-806930.32,,,,,,,,,,33994.45,,,,,33994.45,,0.0,-33994.45,2975894.05,107162972.0,110138866.05,,,,,,,,,,,,,,,,,,,,,,,,,,,,,
bj920000,一般企业,20241231,2025-04-22,2025-05-05 18:36:20,127408505.67,,,85150148.25,,27429151.92,95876689.66,123305841.58,461533.13,696921.73,,,,,,,1953963.91,,103321186.78,,,,2141491.38,,,444439592.43,,,,,,,,,,,,,,268866504.05,,6160453.26,,,,,,38740322.58,,,2226415.01,3492070.39,2545939.76,,,322031705.05,,,766471297.48,,,,,321135.0,,27713061.27,51193393.22,78906454.49,,7118076.06,,,8886657.11,5532754.48,,,,289514.08,,,,,,1150000.0,,,6798386.38,,,109002977.6,2500000.0,,,,,,0.0,,,,,46808312.45,,,,49308312.45,,,158311290.05,91680000.0,141937296.36,,,,,4280861.42,41938096.19,,326751018.56,,606587272.53,1572734.9,,,608160007.43,0.0,0.0,766471297.48,474104649.2,474104649.2,,,,,,405336824.82,349062318.54,,,,,,,,7139755.21,12885550.57,16364889.12,16144913.69,-1442792.36,136355.55,2074201.18,3569194.25,1612995.8,,,163705.15,1818341.76,,,,,149727.56,4377145.79,,,75276744.64,3000.0,,321924.04,,,,74957820.6,9979055.0,,,64978765.6,64978765.6,,64474634.66,504130.94,0.7,0.7,,,,,,,,,,,,,,,,,,,,64978765.6,64474634.66,504130.94,56994.14,,,434707980.45,,,,,,,,,,,9542955.07,5802486.03,,,450053421.55,267039848.92,,,,,,68189907.65,22622257.53,18144864.55,,,375996878.65,,0.0,74056542.9,,2442877.75,643928.33,,,,,133086440.24,14892400.68,166000000.0,,,,,,180892400.68,,0.0,-47805960.44,,,,,,,,,350000.0,16096955.55,,,,,16446955.55,,0.0,-16446955.55,9860621.05,107162972.0,117023593.05,64978765.6,3569194.25,22457389.57,1563926.76,724701.12,-149727.56,313456.3,-163705.15,79361.41,-1818341.76,4843485.73,-6650143.65,-224272.73,-23763186.26,6682643.47,,,,74056542.9,,,,117023593.05,107162972.0,,,,,9860621.05
bj920000,一般企业,20250331,2025-04-22,2025-05-05 18:36:20,153310367.57,,,75272634.47,,40430072.9,64124780.37,104554853.27,1031636.73,1274681.23,,,,,,,1902450.31,,111772967.62,,,,2219844.15,,,451339435.35,,,,,,,,,,,,,,267334088.96,,4178000.86,,,,,,38345941.98,,,2028194.34,3612841.68,2664239.41,,,318163307.23,,,769502742.58,,,,,110626.09,,23502364.22,50497596.47,73999960.69,,4637445.56,,,4247172.32,4811412.1,,,,841882.38,,,,,,1150000.0,,,10220055.96,,,100018555.1,2500000.0,,,,,,0.0,,,,,46308500.03,,,,48808500.03,,,148827055.13,91680000.0,141937296.36,,,,,4882067.74,41938096.19,,338840363.16,,619277823.45,1397864.0,,,620675687.45,0.0,0.0,769502742.58,90972487.72,90972487.72,,,,,,77788306.83,69259596.51,,,,,,,,1931251.5,1896428.53,3743465.25,3612698.36,-2358274.89,27765.35,570395.33,642527.77,-939386.2,,,196200.28,357432.04,,,,,-9680.2,1197148.61,,,14925281.62,,,206113.66,,,,14719167.96,2423571.53,,,12295596.43,12295596.43,,12089344.6,206251.83,0.13,0.13,,,,,,,,,,,,,,,,,,,,12295596.43,12089344.6,206251.83,2572827.33,,,103074126.67,,,,,,,,,,,1944712.34,3998353.82,,,109017192.83,61559910.78,,,,,,20860404.37,5402230.29,3677674.18,,,91500219.62,,0.0,17516973.21,,368221.35,5200.0,,,,,45373787.19,1910579.4,35000000.0,,,,,,36910579.4,,0.0,8463207.79,,,,,,,,,,27765.35,,,,,27765.35,,0.0,-27765.35,28525242.98,117023593.05,145548836.03,,,,,,,,,,,,,,,,,,,,,,,,,,,,,
bj920000,一般企业,20240630,2025-08-20,2025-11-27 02:45:08,96510988.74,,,33796818.29,,3523991.25,105463104.27,108987095.52,24078.28,2225698.01,,,,,,1906805.6,1906805.6,,121982598.71,,,,34157197.11,,,399591280.26,,,,,,,,,,,,,275626885.72,275626885.72,,0.0,,,,,,39473036.64,,,1963585.42,8629703.36,4315636.12,,,330008847.26,,,729600127.52,,,,,,,23906282.89,58549779.47,82456062.36,,1117263.97,,,4041419.19,4374735.23,,,567359.7,567359.7,,,,,,700000.0,,,3551358.16,,,96808198.61,3300000.0,,,,,,0.0,,,,6111365.64,46560141.05,,,,55971506.69,,,152779705.3,91680000.0,141937296.36,,,,,3258824.03,35065881.79,,303552394.23,,575494396.41,1326025.81,,,576820422.22,0.0,0.0,729600127.52,217419410.91,217419410.91,,,,,,186851435.37,161634751.75,,,,,,,,3388349.37,5327563.87,7467079.69,7743006.57,-917107.91,68238.89,1123916.67,1419619.51,788172.52,,,159331.25,798944.17,,,,,137115.98,2013091.8,,,33676458.74,,,1405.02,,,,33675053.72,4484139.88,,,29190913.84,29190913.84,,28902995.93,287917.91,0.32,0.32,,,,,,,,,,,,,,,,,,,,29190913.84,28902995.93,287917.91,158088.65,,,192362593.72,,,,,,,,,,,5300790.53,2237556.13,,,199900940.38,137478769.67,,,,,,35236661.37,12222540.11,10566543.48,,,195504514.63,,0.0,4396425.75,,815180.63,243711.2,,,,,16780946.58,5243746.35,31000000.0,,,,,,36243746.35,,0.0,-19462799.77,,,,,,,,,,10418794.45,,,,,10418794.45,,0.0,-10418794.45,-25327079.82,107162972.0,81835892.18,29190913.84,1419619.51,9460930.78,778115.35,346320.3,-137115.98,1403.42,-159331.25,-89849.76,-798944.17,-294147.24,-538778.01,-16736109.92,-13756289.22,-4283625.34,,,,5191284.83,,,,81835892.18,107162972.0,,,,,-25327079.82
bj920000,一般企业,20241231,2025-08-20,2025-08-21 02:52:04,127408505.67,,,85150148.25,,27429151.92,95876689.66,123305841.58,461533.13,696921.73,,,,,,1953963.91,1953963.91,,103321186.78,,,,2141491.38,,,444439592.43,,,,,,,,,,,,,268866504.05,268866504.05,6160453.26,6160453.26,,,,,,38740322.58,,,2226415.01,3492070.39,2545939.76,,,322031705.05,,,766471297.48,,,,,321135.0,,27713061.27,51193393.22,78906454.49,,7118076.06,,,8886657.11,5532754.48,,,289514.08,289514.08,,,,,,1150000.0,,,6798386.38,,,109002977.6,2500000.0,,,,,,0.0,,,,,46808312.45,,,,49308312.45,,,158311290.05,91680000.0,141937296.36,,,,,4280861.42,41938096.19,,326751018.56,,606587272.53,1572734.9,,,608160007.43,0.0,0.0,766471297.48,474104649.2,474104649.2,,,,,,405336824.82,349062318.54,,,,,,,,7139755.21,12885550.57,16364889.12,16144913.69,-1442792.36,136355.55,2074201.18,3569194.25,1612995.8,,,163705.15,1818341.76,,,,,149727.56,4377145.79,,,75276744.64,3000.0,,321924.04,,,,74957820.6,9979055.0,,,64978765.6,64978765.6,,64474634.66,504130.94,0.7,0.7,,,,,,,,,,,,,,,,,,,,64978765.6,64474634.66,504130.94,56994.14,,,434707980.45,,,,,,,,,,,9542955.07,5802486.03,,,450053421.55,267039848.92,,,,,,68189907.65,22622257.53,18144864.55,,,375996878.65,,0.0,74056542.9,,2442877.75,643928.33,,,,,133086440.24,14892400.68,166000000.0,,,,,,180892400.68,,0.0,-47805960.44,,,,,,,,,350000.0,16096955.55,,,,,16446955.55,,0.0,-16446955.55,9860621.05,107162972.0,117023593.05,64978765.6,3569194.25,22457389.57,1563926.76,724701.12,-149727.56,313456.3,-163705.15,79361.41,-1818341.76,4843485.73,-6650143.65,-224272.73,-23763186.26,6682643.47,,,,74056542.9,,,,117023593.05,107162972.0,,,,,9860621.05
bj920000,一般企业,20250630,2025-08-20,2025-08-21 02:52:04,94690527.29,,,143934798.24,,30170157.48,79441094.42,109611251.9,179318.7,655905.27,,,,,,2085643.92,2085643.92,,109302936.71,,,,2927239.1,,,463387621.13,,,,,,,,,,,,,267092755.83,267092755.83,2822858.43,2822858.43,,,,,,38172183.59,,,1833473.67,3921809.61,359591.38,,,314202672.51,,,777590293.64,,,,,59226.09,,25725012.32,50384200.5,76109212.82,,3954679.58,,,4025632.81,4296662.55,,,275086.0,275086.0,,,,,,1600000.0,,,5092116.65,,,95412616.5,1700000.0,,,,,,0.0,,,,,45808687.61,,,,47508687.61,,,142921304.11,91680000.0,141937296.36,,,,,5414050.84,41938096.19,,352112909.98,,633082353.37,1586636.16,,,634668989.53,0.0,0.0,777590293.64,201290080.54,201290080.54,,,,,,165035335.22,150590321.12,,,,,,,,3790840.81,4476664.09,7437075.03,7004115.08,-10508968.39,55748.68,1251936.24,3060023.22,-814735.74,,,854944.63,472910.06,,,,,-9680.2,1807553.26,,,39380473.07,,,210569.48,,,,39169903.59,6097311.47,,,33072592.12,33072592.12,,32696291.42,376300.7,0.36,0.36,,,,,,,,,,,,,,,,,,,,33072592.12,32696291.42,376300.7,6990711.74,,,206182565.99,,,,,,,,,,,3556460.53,2381108.22,,,212120134.74,125709722.56,,,,,,37173750.21,12134046.37,9859600.91,,,184877120.05,,0.0,27243014.69,,529879.95,5200.0,,,,,80535445.79,4102311.9,138000000.0,,,,,,142102311.9,,0.0,-61566866.11,,,,,,,,,350000.0,7654113.89,,,,,8004113.89,,0.0,-8004113.89,-35337253.57,117023593.05,81686339.48,33072592.12,3060023.22,11247685.22,795888.5,392941.34,9680.2,2953.67,-854944.63,-6934963.06,-472910.06,-32696.66,-397042.56,-8868995.79,13915128.58,-16877589.66,,,,27243014.69,,,,81686339.48,117023593.05,,,,,-35337253.57
bj920000,一般企业,20240930,2025-10-28,2025-11-27 02:45:08,110448901.22,,,29085198.8,,13526991.8,109732248.85,123259240.65,1178954.57,2155147.88,,,,,,,1901331.55,,113740597.22,,,,57817150.81,,,439586522.7,,,,,,,,,,,,,,272494609.16,,0.0,,,,,,39134703.2,,,1790425.27,8681994.11,6668790.14,,,328770521.88,,,768357044.58,,,,,,,31557375.69,51323422.86,82880798.55,,2100876.38,,,4098028.38,6395030.04,,,,7760003.65,,,,,,,,,13357229.47,,,116591966.47,4000000.0,,,,,,0.0,,,,5843312.7,46110124.87,,,,55953437.57,,,172545404.04,91680000.0,141937296.36,,,,,3817298.23,35065881.79,,321734364.61,,594234840.99,1576799.55,,,595811640.54,0.0,0.0,768357044.58,352937982.8,352937982.8,,,,,,296146112.03,258259821.8,,,,,,,,4797790.75,8567093.51,11144482.68,11551007.15,-2326255.2,102483.33,1720016.7,3098645.04,1053526.3,,,335057.74,1107569.55,,,,,149727.56,3178382.9,,,61562608.52,3000.0,,118711.72,,,,61446896.8,8337743.98,,,53109152.82,53109152.82,,52585766.31,523386.51,0.57,0.57,,,,,,,,,,,,,,,,,,,,53109152.82,52585766.31,523386.51,951272.92,,,323008703.53,,,,,,,,,,,8646584.66,3656632.86,,,335311921.05,203120264.1,,,,,,52267758.04,16242391.41,18730654.47,,,290361068.02,,0.0,44950853.03,,1209176.63,607827.04,,,,,41341033.78,11410136.27,75000000.0,,,,,,86410136.27,,0.0,-45069102.49,,,,,,,,,,15919594.45,,,,,15919594.45,,0.0,-15919594.45,-15086570.99,107162972.0,92076401.01,,,,,,,,,,,,,,,,,,,,,,,,,,,,,
bj920000,一般企业,20241231,2025-10-28,2025-10-29 04:17:55,127408505.67,,,85150148.25,,27429151.92,95876689.66,123305841.58,461533.13,696921.73,,,,,,,1953963.91,,103321186.78,,,,2141491.38,,,444439592.43,,,,,,,,,,,,,,268866504.05,,6160453.26,,,,,,38740322.58,,,2226415.01,3492070.39,2545939.76,,,322031705.05,,,766471297.48,,,,,321135.0,,27713061.27,51193393.22,78906454.49,,7118076.06,,,8886657.11,5532754.48,,,,289514.08,,,,,,1150000.0,,,6798386.38,,,109002977.6,2500000.0,,,,,,0.0,,,,,46808312.45,,,,49308312.45,,,158311290.05,91680000.0,141937296.36,,,,,4280861.42,41938096.19,,326751018.56,,606587272.53,1572734.9,,,608160007.43,0.0,0.0,766471297.48,474104649.2,474104649.2,,,,,,405336824.82,349062318.54,,,,,,,,7139755.21,12885550.57,16364889.12,16144913.69,-1442792.36,136355.55,2074201.18,3569194.25,1612995.8,,,163705.15,1818341.76,,,,,149727.56,4377145.79,,,75276744.64,3000.0,,321924.04,,,,74957820.6,9979055.0,,,64978765.6,64978765.6,,64474634.66,504130.94,0.7,0.7,,,,,,,,,,,,,,,,,,,,64978765.6,64474634.66,504130.94,56994.14,,,434707980.45,,,,,,,,,,,9542955.07,5802486.03,,,450053421.55,267039848.92,,,,,,68189907.65,22622257.53,18144864.55,,,375996878.65,,0.0,74056542.9,,2442877.75,643928.33,,,,,133086440.24,14892400.68,166000000.0,,,,,,180892400.68,,0.0,-47805960.44,,,,,,,,,350000.0,16096955.55,,,,,16446955.55,,0.0,-16446955.55,9860621.05,107162972.0,117023593.05,64978765.6,3569194.25,22457389.57,1563926.76,724701.12,-149727.56,313456.3,-163705.15,79361.41,-1818341.76,4843485.73,-6650143.65,-224272.73,-23763186.26,6682643.47,,,,74056542.9,,,,117023593.05,107162972.0,,,,,9860621.05
bj920000,一般企业,20250930,2025-10-28,2025-10-29 04:17:55,127592043.04,,,148858822.06,,26403654.58,81161315.68,107564970.26,792201.91,1171207.25,,,,,,,1474017.72,,99957285.65,,,,1760215.85,,,489170763.74,,,,,,,,,,,,,,262776229.75,,3451059.52,,,,,,38309118.86,,,1638753.0,4593928.57,525978.21,,,311295067.91,,,800465831.65,,,,,,,31933963.31,46746622.79,78680586.1,,8033975.97,,,3889111.39,6107078.73,,,,262490.0,,,,,,1600000.0,,,3545559.15,,,102118801.34,1700000.0,,,,,,0.0,,,,,45308875.19,,,,47008875.19,,,149127676.53,91680000.0,141937296.36,,,,,5984665.8,41938096.19,,367974685.69,,649514744.04,1823411.08,,,651338155.12,0.0,0.0,800465831.65,322321866.91,322321866.91,,,,,,262196364.23,233383526.99,,,,,,,,5368399.51,7061107.76,10793185.92,10648307.54,-10499656.78,81048.68,2453789.6,4123381.3,1318111.99,,,1372218.56,678856.87,,,,,-9680.2,2995406.17,,,65162304.08,5031.14,,212688.92,,,,64954646.3,9384009.82,,,55570636.48,55570636.48,,54975667.13,594969.35,0.6,0.6,,,,,,,,,,,,,,,,,,,,55570636.48,54975667.13,594969.35,6481167.24,,,330108930.89,,,,,,,,,,,6236505.67,4642211.7,,,340987648.26,182431907.07,,,,,,52950061.89,16568977.28,17547710.27,,,269498656.51,,0.0,71488991.75,,1300650.28,20473.0,,,,,126321489.12,7654873.38,188000000.0,,,,,,195654873.38,,0.0,-69333384.26,,,,,,,,,350000.0,14071713.89,,,,,14421713.89,,0.0,-14421713.89,-5784939.16,117023593.05,111238653.89,,,,,,,,,,,,,,,,,,,,,,,,,,,,,
