candle_end_time,open,high,low,close,amount,volume,index_code
2022-04-29,1000.0,1000.0,1000.0,1000.0,581906406.0,455215.5,bj899050
2022-05-05,1000.5845,1036.8604,993.9279,1031.3151,589623495.0,498768.43,bj899050
2022-05-06,1013.3504,1033.0488,1001.6107,1024.5652,424542556.0,345125.13,bj899050
2022-05-09,1023.0592,1048.2554,1020.5905,1044.8455,449719574.0,340560.57,bj899050
2022-05-10,1032.5149,1061.822,1030.1102,1061.822,410927801.0,308056.9,bj899050
2022-05-11,1061.1787,1096.9248,1061.1787,1081.4286,639970020.0,480864.6,bj899050
2022-05-12,1077.3178,1086.5913,1062.1111,1071.2906,380371304.0,310175.61,bj899050
2022-05-13,1070.173,1116.4006,1070.173,1115.0963,771403794.0,850265.3,bj899050
2022-05-16,1123.8601,1136.3149,1122.4914,1128.5571,657680744.0,625960.63,bj899050
2022-05-17,1130.802,1137.3957,1124.2119,1136.4913,634386994.0,541064.43,bj899050
2022-05-18,1130.7988,1136.0939,1125.0811,1125.8335,564558811.0,490754.76,bj899050
2022-05-19,1115.4659,1131.7598,1107.7339,1129.6178,469462696.0,442628.96,bj899050
2022-05-20,1124.387,1138.7854,1124.387,1136.1442,365277575.0,326828.97,bj899050
2022-05-23,1135.6402,1141.554,1129.8303,1132.842,306557682.0,302606.95,bj899050
2022-05-24,1129.8375,1133.4832,1080.9011,1085.79,605825512.0,530699.2,bj899050
2022-05-25,1083.3904,1087.9969,1074.6429,1081.4525,349859427.0,313378.61,bj899050
2022-05-26,1081.52,1084.6299,1065.118,1079.1475,270729723.0,250809.23,bj899050
2022-05-27,1076.1823,1088.2566,1072.5895,1078.0519,310141880.0,294699.41,bj899050
2022-05-30,1078.062,1090.0162,1078.062,1085.5881,351537039.0,324778.1,bj899050
2022-05-31,1083.8965,1095.0324,1083.6834,1094.2912,337340510.0,275148.44,bj899050
2022-06-01,1094.5363,1100.8414,1092.498,1097.8629,323242684.0,332701.8,bj899050
2022-06-02,1094.4947,1113.1064,1093.7357,1113.1064,560031572.0,553928.89,bj899050
2022-06-06,1114.5506,1145.0095,1114.5506,1142.8396,663412103.0,631557.65,bj899050
2022-06-07,1138.2394,1152.3818,1135.6988,1141.2386,526343056.0,468054.76,bj899050
2022-06-08,1136.9344,1147.3673,1124.967,1138.2725,483849994.0,436253.41,bj899050
2022-06-09,1135.4992,1139.8539,1124.6094,1127.3983,533502892.0,688316.95,bj899050
2022-06-10,1123.1236,1131.953,1115.5977,1131.4345,428418560.0,565691.35,bj899050
2022-06-13,1124.6346,1127.6854,1115.7493,1120.3353,351205062.0,371917.8,bj899050
2022-06-14,1114.6263,1114.9796,1096.0243,1113.4729,490056196.0,510365.36,bj899050
2022-06-15,1110.443,1120.8633,1110.443,1112.6815,416151593.0,441982.97,bj899050
2022-06-16,1109.1144,1118.1386,1107.5283,1112.3163,395242270.0,397155.72,bj899050
2022-06-17,1107.9258,1119.4568,1105.1349,1118.7219,522416991.0,449114.48,bj899050
2022-06-20,1119.0019,1137.2178,1119.0019,1135.9534,564714876.0,493865.27,bj899050
2022-06-21,1134.0983,1136.1174,1121.756,1126.4223,374675044.0,346167.63,bj899050
2022-06-22,1122.878,1133.6909,1118.6157,1122.4616,304816363.0,291268.91,bj899050
2022-06-23,1118.5085,1134.3888,1118.5085,1134.3888,386152407.0,336521.7,bj899050
2022-06-24,1134.1085,1146.6394,1133.7081,1146.6394,497242875.0,396927.9,bj899050
2022-06-27,1149.3777,1167.9914,1149.3777,1167.9914,626236469.0,504844.54,bj899050
2022-06-28,1167.8176,1197.8353,1162.232,1195.9446,1050504999.0,1126505.11,bj899050
2022-06-29,1188.1377,1194.4946,1165.3563,1167.0717,792311116.0,820110.04,bj899050
2022-06-30,1165.3383,1174.3297,1164.773,1167.1165,566234911.0,530111.69,bj899050
2022-07-01,1165.7109,1173.3237,1156.9307,1160.9696,352672069.0,360118.61,bj899050
2022-07-04,1157.6037,1159.8402,1140.5946,1149.2006,415143621.0,328660.95,bj899050
2022-07-05,1145.4934,1152.2129,1132.5414,1141.194,450972996.0,382166.09,bj899050
2022-07-06,1137.3887,1140.8937,1123.1547,1129.8151,351524971.0,323777.57,bj899050
2022-07-07,1127.9039,1134.3639,1119.6382,1130.2612,282470762.0,238171.18,bj899050
2022-07-08,1128.2541,1138.1413,1125.1362,1131.5167,305393912.0,233587.21,bj899050
2022-07-11,1128.6559,1132.48,1110.7085,1113.6791,341338360.0,287728.21,bj899050
2022-07-12,1110.8192,1116.0603,1099.5749,1102.5598,351471003.0,395640.7,bj899050
2022-07-13,1099.0598,1106.6177,1096.0172,1102.418,318580296.0,347003.9,bj899050
2022-07-14,1096.1936,1105.2149,1094.3295,1103.7198,344204285.0,310380.58,bj899050
2022-07-15,1106.7687,1109.3056,1086.7952,1089.177,344621752.0,320239.65,bj899050
2022-07-18,1085.9361,1088.7913,1078.2798,1088.7913,528021755.0,324162.81,bj899050
2022-07-19,1085.2557,1093.0596,1083.6226,1089.9186,451664304.0,325998.71,bj899050
2022-07-20,1087.4546,1095.8303,1087.4546,1093.8586,476231465.0,370896.87,bj899050
2022-07-21,1086.0253,1089.5702,1082.3824,1085.1805,571819718.0,304302.93,bj899050
2022-07-22,1080.4145,1087.8833,1075.6562,1078.7218,473326117.0,363409.94,bj899050
2022-07-25,1079.1213,1081.1843,1064.5615,1066.4249,354457205.0,275726.24,bj899050
2022-07-26,1067.0269,1082.8743,1061.703,1082.8743,638109145.0,599780.0,bj899050
2022-07-27,1085.2707,1085.2707,1076.7956,1080.7792,826654649.0,912156.11,bj899050
2022-07-28,1081.9557,1083.914,1068.1562,1073.0863,591840134.0,599178.97,bj899050
2022-07-29,1072.3969,1075.4714,1060.9759,1061.1106,476715008.0,436304.16,bj899050
2022-08-01,1060.087,1062.8905,1053.1517,1058.1716,433404714.0,369649.84,bj899050
2022-08-02,1053.1753,1053.1753,1011.5091,1020.9544,663419820.0,630269.03,bj899050
2022-08-03,1018.1354,1031.3235,1011.5416,1014.9272,499072195.0,399469.28,bj899050
2022-08-04,1017.1706,1026.0327,1012.2545,1022.6489,359274724.0,301762.38,bj899050
2022-08-05,1024.7145,1038.7679,1024.7145,1038.7509,359222836.0,302656.9,bj899050
2022-08-08,1038.0319,1053.2079,1038.0319,1047.5252,861293134.0,722491.65,bj899050
2022-08-09,1048.3344,1052.7543,1044.9271,1051.5016,661137203.0,531452.44,bj899050
2022-08-10,1053.7452,1056.4728,1049.7973,1056.4728,1087139536.0,872758.23,bj899050
2022-08-11,1056.9028,1078.7195,1056.9028,1078.4315,1062102473.0,1013480.01,bj899050
2022-08-12,1078.8442,1079.8739,1068.85,1071.9147,756596012.0,692707.83,bj899050
2022-08-15,1073.6808,1085.0589,1073.5287,1085.0589,738188480.0,505774.68,bj899050
2022-08-16,1087.8239,1095.3786,1087.8239,1090.2867,655286040.0,478136.3,bj899050
2022-08-17,1090.5054,1093.7831,1081.9723,1090.8783,651383587.0,429083.71,bj899050
2022-08-18,1088.2119,1097.0301,1088.2119,1093.2975,599654491.0,447988.65,bj899050
2022-08-19,1093.2525,1099.222,1076.9807,1079.4347,699449535.0,481001.77,bj899050
2022-08-22,1071.695,1074.8105,1064.2177,1072.2049,874997972.0,617945.13,bj899050
2022-08-23,1073.7498,1079.8885,1073.4926,1078.3251,527595477.0,470365.23,bj899050
2022-08-24,1080.6419,1083.6073,1057.6661,1064.8417,578857689.0,478700.91,bj899050
2022-08-25,1061.4314,1066.1,1046.0855,1053.6393,412665751.0,432515.18,bj899050
2022-08-26,1055.2431,1063.2642,1051.9284,1055.6438,332012355.0,340974.6,bj899050
2022-08-29,1051.1889,1057.7657,1045.1724,1057.3374,339901851.0,300317.5,bj899050
2022-08-30,1057.5903,1058.7737,1047.3561,1052.5297,356577979.0,289690.46,bj899050
2022-08-31,1049.4288,1051.9036,1033.489,1038.4091,364505487.0,326792.04,bj899050
2022-09-01,1038.1481,1043.4335,1028.9292,1032.3743,489835752.0,491546.67,bj899050
2022-09-02,1033.9676,1036.4078,1027.4006,1033.9441,443030102.0,436270.24,bj899050
2022-09-05,1047.9826,1056.6677,1042.9008,1048.3062,411200544.0,403442.2,bj899050
2022-09-06,1048.9298,1052.8399,1042.6005,1052.8399,343309270.0,319161.61,bj899050
2022-09-07,1053.1311,1058.751,1047.5266,1052.3593,437442708.0,403060.02,bj899050
2022-09-08,1051.6639,1052.0043,1039.2404,1042.3317,392623652.0,366991.0,bj899050
2022-09-09,1042.6661,1044.786,1036.5227,1043.5696,277043307.0,249741.72,bj899050
2022-09-13,1043.6826,1046.6638,1040.839,1045.7261,373636926.0,329766.3,bj899050
2022-09-14,1039.1747,1041.7375,1033.9588,1037.2573,477186534.0,412754.03,bj899050
2022-09-15,1038.6244,1040.3315,1012.4963,1016.6569,538655273.0,485329.79,bj899050
2022-09-16,1015.442,1039.2439,1012.9773,1023.8182,1277362255.0,1459729.6,bj899050
2022-09-19,1022.4896,1027.7495,1003.2752,1008.1216,1066954517.0,1199831.25,bj899050
2022-09-20,1008.9404,1021.6879,1008.9404,1021.2676,1057364803.0,1262539.02,bj899050
2022-09-21,1019.2912,1076.3593,1012.7659,1064.6904,2430458411.0,2954058.27,bj899050
2022-09-22,1060.7909,1081.372,1050.4905,1054.1099,1670528057.0,1959785.27,bj899050
2022-09-23,1050.788,1050.788,1009.6548,1016.0234,1329225160.0,1511792.05,bj899050
2022-09-26,1008.4735,1010.5901,989.8068,993.4545,951040068.0,1001961.52,bj899050
2022-09-27,992.2886,994.8674,983.0022,992.9307,1007079108.0,950616.06,bj899050
2022-09-28,992.767,993.3486,973.4497,976.6476,1619052985.0,1323537.06,bj899050
2022-09-29,978.1913,981.7492,963.4885,966.8715,1306808840.0,1163277.3,bj899050
2022-09-30,966.9054,969.9928,959.4543,963.086,1008138092.0,875889.25,bj899050
2022-10-10,966.6164,970.0429,932.4391,937.501,944420762.0,802902.98,bj899050
2022-10-11,936.3469,940.2605,930.3431,938.4621,756496947.0,685875.54,bj899050
2022-10-12,936.7926,945.287,919.2552,944.5584,814100824.0,674830.48,bj899050
2022-10-13,939.5571,955.3325,938.1121,949.2148,860962014.0,818388.85,bj899050
2022-10-14,950.1129,978.0127,950.1129,976.4369,1252530621.0,1151596.36,bj899050
2022-10-17,974.5704,975.4456,967.6834,975.4456,1111329074.0,954311.37,bj899050
2022-10-18,978.031,981.1608,972.5038,981.1608,1401276688.0,1183532.16,bj899050
2022-10-19,981.1936,988.4117,976.0687,980.5371,1187840108.0,937863.93,bj899050
2022-10-20,978.3262,981.5688,973.3969,977.3442,1183886647.0,878989.47,bj899050
2022-10-21,976.5142,981.1443,970.946,978.7358,1165129511.0,823352.82,bj899050
2022-10-24,979.8676,984.2902,967.4614,972.2537,955063522.0,735538.97,bj899050
2022-10-25,971.1788,971.4043,961.2113,969.3984,771684795.0,584571.57,bj899050
2022-10-26,969.8828,980.0806,968.1875,971.4661,882116130.0,658805.41,bj899050
2022-10-27,964.7103,969.8925,957.151,958.3571,921421636.0,717366.18,bj899050
2022-10-28,958.3021,958.3021,930.2382,935.9998,1181633077.0,909849.69,bj899050
2022-10-31,931.0711,944.0184,929.005,939.4273,992215536.0,825138.57,bj899050
2022-11-01,939.7297,950.3049,939.7167,949.6791,785029957.0,681657.09,bj899050
2022-11-02,951.1754,967.1019,949.3501,963.9656,1075097591.0,1053162.46,bj899050
2022-11-03,960.0081,964.5866,955.7762,962.2484,795929664.0,706074.45,bj899050
2022-11-04,962.8261,980.4457,960.7931,979.869,932397869.0,772616.33,bj899050
2022-11-07,987.3161,1014.1206,987.3161,1009.0817,1104879576.0,934482.33,bj899050
2022-11-08,1005.0394,1011.0839,1001.9991,1006.9916,717512646.0,593485.74,bj899050
2022-11-09,1005.9754,1008.4813,1001.1735,1002.5717,908070316.0,808061.39,bj899050
2022-11-10,1002.6055,1002.6055,994.4838,1000.2505,804399930.0,753096.38,bj899050
2022-11-11,1011.5401,1017.9195,1001.0809,1002.7837,968635191.0,894586.71,bj899050
2022-11-14,1005.9568,1012.9196,997.981,1000.668,724167725.0,644858.29,bj899050
2022-11-15,1002.145,1010.2846,999.7257,1010.2704,671778180.0,612665.06,bj899050
2022-11-16,1011.6189,1013.109,998.4068,1001.8748,702336571.0,561655.08,bj899050
2022-11-17,1002.1735,1002.1735,993.1992,1000.8487,681773948.0,678854.98,bj899050
2022-11-18,1001.3737,1004.4715,999.2027,1003.1492,955682425.0,780569.59,bj899050
2022-11-21,1024.07,1033.65,1024.07,1028.72,1254077051.0,1201390.39,bj899050
2022-11-22,1028.159,1028.79,1010.552,1012.93,823255832.0,773839.63,bj899050
2022-11-23,1013.111,1019.368,1007.097,1019.368,750175653.0,623370.01,bj899050
2022-11-24,1018.426,1027.315,1018.426,1025.509,637652661.0,509690.17,bj899050
2022-11-25,1025.988,1025.988,1014.962,1017.92,645507847.0,518023.05,bj899050
2022-11-28,1014.382,1015.994,1004.939,1008.192,662013446.0,577377.52,bj899050
2022-11-29,1008.974,1025.319,1007.803,1023.453,675790561.0,604965.43,bj899050
2022-11-30,1024.973,1026.864,1016.922,1018.866,521268058.0,484170.85,bj899050
2022-12-01,1020.426,1024.502,1014.96,1016.922,687295680.0,594904.72,bj899050
2022-12-02,1016.59,1020.028,1014.003,1016.238,693724872.0,593591.48,bj899050
2022-12-05,1016.334,1018.505,1005.363,1006.104,680778461.0,580598.65,bj899050
2022-12-06,1007.232,1008.925,998.789,1000.022,552001646.0,481033.59,bj899050
2022-12-07,999.619,999.619,992.465,994.902,855178356.0,874081.37,bj899050
2022-12-08,996.265,997.03,991.483,993.248,670774399.0,646503.43,bj899050
2022-12-09,993.447,996.149,991.208,994.815,587719803.0,613535.01,bj899050
2022-12-12,995.474,996.874,985.016,987.68,697516751.0,639105.26,bj899050
2022-12-13,988.557,990.347,982.561,984.625,618469313.0,549951.29,bj899050
2022-12-14,984.675,989.392,981.091,982.471,511864362.0,506564.95,bj899050
2022-12-15,981.233,986.701,981.233,986.263,570713721.0,709014.09,bj899050
2022-12-16,985.596,989.389,983.023,987.518,604268985.0,631786.53,bj899050
2022-12-19,985.7239,987.0805,973.8669,978.3719,461853901.0,499220.58,bj899050
2022-12-20,972.6142,977.5522,969.7658,973.9802,394649743.0,493172.89,bj899050
2022-12-21,973.5181,977.322,964.8284,968.0629,563499120.0,524920.58,bj899050
2022-12-22,966.6449,970.3207,948.8086,951.3205,595861017.0,680866.28,bj899050
2022-12-23,950.1931,950.1931,932.8783,938.1982,530610621.0,572546.85,bj899050
2022-12-26,937.3262,942.6343,935.0572,941.1014,454423121.0,503670.2,bj899050
2022-12-27,943.672,947.1071,936.5591,939.6666,517758917.0,539638.28,bj899050
2022-12-28,937.6126,938.5501,933.7621,935.4297,444933195.0,413160.61,bj899050
2022-12-29,935.1192,936.3315,929.2586,932.3583,430416689.0,464165.39,bj899050
2022-12-30,932.9157,942.0865,932.9157,942.0865,463705842.0,505043.94,bj899050
2023-01-03,942.6137,949.2547,936.1503,947.6597,388945006.0,411916.98,bj899050
2023-01-04,947.6792,950.3325,942.7474,948.0333,355063247.0,376001.48,bj899050
2023-01-05,947.9705,952.4884,943.5664,951.8339,347556873.0,352090.93,bj899050
2023-01-06,951.0507,956.3869,949.9637,954.9742,347852557.0,338483.66,bj899050
2023-01-09,955.0413,962.743,954.6413,960.6812,320318748.0,329364.7,bj899050
2023-01-10,958.3867,962.3593,956.4691,960.7601,278799499.0,283599.5,bj899050
2023-01-11,960.8211,964.6996,957.7325,959.8901,335531162.0,335243.17,bj899050
2023-01-12,960.349,964.0913,955.8042,958.205,257380088.0,249867.69,bj899050
2023-01-13,957.8139,961.6814,957.4515,961.0206,277827095.0,264360.68,bj899050
2023-01-16,963.2378,972.0085,960.4588,969.6088,361487237.0,340896.31,bj899050
2023-01-17,969.7354,974.0981,965.4292,971.2528,295283360.0,283694.96,bj899050
2023-01-18,974.4712,981.2403,972.3139,980.7931,550615300.0,752891.99,bj899050
2023-01-19,979.5246,987.0579,977.2732,987.0579,473242574.0,614546.24,bj899050
2023-01-20,987.6859,1002.1582,987.6859,1001.5528,487958589.0,596013.08,bj899050
2023-01-30,1010.955,1016.6445,1002.368,1004.7833,775025037.0,768540.55,bj899050
2023-01-31,1007.4128,1063.01,1005.8499,1063.01,2384507070.0,2566749.54,bj899050
2023-02-01,1069.9479,1079.7074,1059.5468,1067.6138,2164266379.0,2276745.79,bj899050
2023-02-02,1065.2323,1065.7231,1045.5141,1048.578,1604419235.0,2019929.45,bj899050
2023-02-03,1047.365,1051.0881,1040.5308,1046.9753,1081909489.0,1251898.63,bj899050
2023-02-06,1043.6232,1044.6133,1032.5923,1033.7046,919726285.0,1043506.77,bj899050
2023-02-07,1034.6205,1042.852,1033.3641,1037.0527,753493481.0,825807.59,bj899050
2023-02-08,1042.4677,1043.3051,1032.9118,1034.1167,744885032.0,804053.36,bj899050
2023-02-09,1033.4708,1039.0434,1032.8664,1039.0434,966158873.0,898773.28,bj899050
2023-02-10,1040.9433,1041.9011,1032.3337,1036.1859,694730218.0,696966.24,bj899050
2023-02-13,1041.6449,1060.9529,1041.6449,1052.2204,1111963746.0,1082589.49,bj899050
2023-02-14,1052.256,1058.067,1044.6767,1047.6218,769695523.0,758911.06,bj899050
2023-02-15,1048.3564,1053.3946,1041.9899,1042.9564,834194611.0,758425.85,bj899050
2023-02-16,1044.2814,1046.4123,1025.3261,1029.8263,1151113555.0,1039539.08,bj899050
2023-02-17,1027.2668,1033.3031,1022.5762,1023.9008,1052368828.0,1016879.86,bj899050
2023-02-20,1026.3511,1031.7979,1024.1469,1029.9184,856398154.0,802375.43,bj899050
2023-02-21,1028.7028,1031.7455,1023.95,1027.4714,849034391.0,759180.06,bj899050
2023-02-22,1025.9105,1025.9105,1016.3232,1019.1024,774160568.0,664895.35,bj899050
2023-02-23,1017.8293,1019.8847,1009.9774,1012.4631,828777760.0,692807.8,bj899050
2023-02-24,1012.8874,1013.9678,1004.6408,1007.881,695385856.0,572642.51,bj899050
2023-02-27,1005.9002,1006.8155,1000.878,1003.4911,651256266.0,626187.56,bj899050
2023-02-28,1007.7798,1014.844,1002.4985,1012.4536,898502074.0,859479.45,bj899050
2023-03-01,1011.7395,1019.5053,1010.3617,1019.5053,886918801.0,840352.11,bj899050
2023-03-02,1021.4006,1023.2224,1013.9145,1016.4965,713717048.0,726478.37,bj899050
2023-03-03,1012.1113,1013.6772,1004.4812,1010.6576,614130731.0,607138.34,bj899050
2023-03-06,1010.8269,1011.6299,1000.3308,1004.9041,525893091.0,509239.48,bj899050
2023-03-07,1005.8149,1005.8149,991.0564,993.3439,536746892.0,561900.01,bj899050
2023-03-08,992.961,995.1535,987.5782,990.1999,504869309.0,494837.12,bj899050
2023-03-09,990.331,992.7827,989.109,992.3712,419844839.0,433145.5,bj899050
2023-03-10,993.4101,993.4674,982.131,984.7727,629958662.0,854268.75,bj899050
2023-03-13,984.3111,985.9233,976.9055,981.0942,561759113.0,656288.44,bj899050
2023-03-14,980.0982,980.5626,966.3101,969.7056,621135172.0,773580.56,bj899050
2023-03-15,972.0858,976.734,968.519,971.8171,752110791.0,650554.21,bj899050
2023-03-16,971.2322,971.2322,949.0778,954.0013,569894758.0,548142.98,bj899050
2023-03-17,954.8864,959.8588,953.3374,956.9426,540887790.0,671544.82,bj899050
2023-03-20,956.5795,960.1231,947.9126,949.382,486134477.0,504124.81,bj899050
2023-03-21,949.3088,960.2678,948.9987,960.2678,522431221.0,566936.38,bj899050
2023-03-22,960.86,970.6242,960.6541,965.5627,621515441.0,639338.94,bj899050
2023-03-23,965.8153,965.8153,952.9133,954.0271,878213704.0,836954.8,bj899050
2023-03-24,955.3237,969.5468,954.492,967.4114,1044169328.0,1061919.81,bj899050
2023-03-27,969.9452,971.0215,963.4915,967.5105,857872272.0,798069.17,bj899050
2023-03-28,965.3058,968.3464,957.0075,957.8453,679896943.0,608969.68,bj899050
2023-03-29,957.5632,964.8918,953.6619,956.2353,708923439.0,659187.27,bj899050
2023-03-30,956.6983,956.6983,949.7244,954.6952,580283914.0,590517.05,bj899050
2023-03-31,953.7738,959.2582,953.1402,958.6918,504558455.0,518313.7,bj899050
2023-04-03,958.1817,959.7001,954.5769,956.8285,701173978.0,694710.82,bj899050
2023-04-04,957.7911,959.7934,946.2952,948.6243,650019447.0,651225.86,bj899050
2023-04-06,947.0558,947.8956,937.6967,940.1609,582529664.0,617193.84,bj899050
2023-04-07,941.0558,950.8844,940.8891,950.8844,418999502.0,463054.39,bj899050
2023-04-10,952.1902,955.301,947.3693,949.8606,525382773.0,501607.57,bj899050
2023-04-11,949.432,955.1302,948.7892,951.9174,414781548.0,427163.43,bj899050
2023-04-12,948.7302,954.444,945.9403,946.9142,427831915.0,428136.66,bj899050
2023-04-13,947.1421,947.1421,934.62,939.4879,774302956.0,524764.83,bj899050
2023-04-14,939.5717,945.1188,939.5717,942.7991,612040696.0,489587.75,bj899050
2023-04-17,943.7044,950.7413,943.1704,947.1503,711956334.0,494552.26,bj899050
2023-04-18,947.698,951.5105,944.9537,949.3189,734106403.0,691047.31,bj899050
2023-04-19,949.5354,952.2885,946.5649,947.884,815596926.0,705463.9,bj899050
2023-04-20,949.8175,951.7414,940.8159,943.254,817225767.0,663564.8,bj899050
2023-04-21,942.2674,947.3354,929.7427,932.9187,956849792.0,655205.8,bj899050
2023-04-24,933.4713,944.8612,933.4713,940.1265,1281445849.0,818632.37,bj899050
2023-04-25,939.0322,939.0322,909.5604,917.7129,1470685563.0,1155842.46,bj899050
2023-04-26,917.6487,929.2012,913.0636,928.2201,1572438883.0,947632.08,bj899050
2023-04-27,922.1617,923.1391,910.9848,914.6475,1620058689.0,1066495.34,bj899050
2023-04-28,913.0832,913.0832,906.8209,912.752,1407050562.0,931041.35,bj899050
2023-05-04,910.2425,913.7588,904.6736,908.9498,1680747109.0,1016592.57,bj899050
2023-05-05,909.6633,933.3264,909.6633,933.3264,2687456145.0,1841581.54,bj899050
2023-05-08,935.5434,960.8627,935.5434,960.8627,2719040585.0,2326191.32,bj899050
2023-05-09,961.8856,968.2772,938.7559,941.7255,2466491669.0,1922405.59,bj899050
2023-05-10,939.0122,939.0122,925.2026,928.1259,1517853318.0,1106195.54,bj899050
2023-05-11,928.7641,948.4713,927.9794,945.9618,1631104019.0,1233078.4,bj899050
2023-05-12,944.33,949.3501,938.1496,939.9591,1676759094.0,1303060.61,bj899050
2023-05-15,938.1438,942.3251,936.1035,942.136,1660848230.0,1274611.58,bj899050
2023-05-16,939.5743,944.5745,935.2675,938.0086,1474760780.0,1053190.74,bj899050
2023-05-17,939.1076,946.4553,938.8968,945.5493,1468576374.0,1011109.25,bj899050
2023-05-18,945.0981,945.0981,940.2648,942.6378,2475331350.0,1391198.58,bj899050
2023-05-19,943.9962,949.6824,941.711,949.0434,2042921414.0,1189064.85,bj899050
2023-05-22,951.1566,962.1408,950.8498,960.2846,1959614452.0,1239307.74,bj899050
2023-05-23,956.288,969.7636,956.288,964.3076,2127919443.0,1500794.9,bj899050
2023-05-24,960.3312,962.1739,952.2105,954.9466,2012964612.0,1492995.46,bj899050
2023-05-25,951.255,959.0663,947.4426,949.1555,2078518072.0,1510043.48,bj899050
2023-05-26,946.7362,955.7368,938.322,954.9819,2592401115.0,1516683.02,bj899050
2023-05-29,954.947,962.1414,947.4573,950.3048,2034503849.0,1068935.43,bj899050
2023-05-30,950.6238,951.0158,939.1765,945.0544,1809874480.0,987804.5,bj899050
2023-05-31,941.9139,943.4514,935.6863,938.9592,2137520025.0,1147595.91,bj899050
2023-06-01,937.9406,939.1924,934.4051,937.1004,1879266367.0,959878.44,bj899050
2023-06-02,936.8966,944.4634,936.8966,943.0529,1620171228.0,920402.84,bj899050
2023-06-05,943.6332,945.2514,935.3389,937.8679,1279040743.0,730193.7,bj899050
2023-06-06,938.1126,939.6189,921.2117,922.9914,1708142527.0,839310.92,bj899050
2023-06-07,919.7036,926.4225,912.8589,917.3405,1421566330.0,713851.14,bj899050
2023-06-08,916.3262,919.249,905.3087,910.9705,1589617512.0,989461.97,bj899050
2023-06-09,911.4946,914.731,894.5391,904.116,1355850111.0,893797.12,bj899050
2023-06-12,903.8534,903.8534,888.9097,891.7137,1294793849.0,753720.05,bj899050
2023-06-13,890.2321,894.2705,880.6056,884.5855,1284715430.0,750945.27,bj899050
2023-06-14,887.0239,889.5652,879.8904,880.4044,1326356487.0,752403.69,bj899050
2023-06-15,879.5406,891.7985,879.1018,890.2793,1457001981.0,787528.92,bj899050
2023-06-16,893.882,898.6888,893.0473,894.7063,1352180928.0,721537.95,bj899050
2023-06-19,889.3025,894.9822,885.5695,888.3358,1560363685.0,739290.6,bj899050
2023-06-20,889.0698,893.8171,885.6836,889.8764,1792414273.0,823646.92,bj899050
2023-06-21,891.7028,905.9181,889.1494,902.3971,2087648968.0,1522065.72,bj899050
2023-06-26,901.7788,902.8894,885.662,888.8081,2037819873.0,1262093.83,bj899050
2023-06-27,888.1061,891.5,886.0339,888.6498,1442287665.0,993423.08,bj899050
2023-06-28,887.5266,888.6229,875.4576,881.8422,1598703760.0,1039177.49,bj899050
2023-06-29,881.0616,891.6299,881.0616,888.1897,2374234857.0,1735697.41,bj899050
2023-06-30,887.4607,894.0626,885.058,892.0241,1948792343.0,1519932.46,bj899050
2023-07-03,892.0779,895.4916,886.1343,886.9909,1651728432.0,1382984.53,bj899050
2023-07-04,886.7866,894.3387,886.5498,891.1208,1831377953.0,1632552.4,bj899050
2023-07-05,890.1959,892.4092,886.9026,888.1621,2261540608.0,1844131.85,bj899050
2023-07-06,887.5258,887.5258,874.5232,878.66,1707650558.0,1319258.85,bj899050
2023-07-07,879.1211,888.197,878.0626,882.7199,1747947241.0,1345617.11,bj899050
2023-07-10,880.9195,883.3395,875.1719,879.1723,1662605698.0,1284834.6,bj899050
2023-07-11,877.8185,878.0654,871.8662,873.5778,1214297419.0,931938.98,bj899050
2023-07-12,874.238,875.2945,857.9967,860.4911,1511589477.0,1159473.43,bj899050
2023-07-13,861.4806,868.2342,860.0793,865.5328,1421949648.0,1013247.27,bj899050
2023-07-14,864.1748,869.7163,863.5931,869.7163,1786041420.0,1156732.61,bj899050
2023-07-17,869.1798,869.1798,860.6692,863.5227,1457833903.0,1148137.19,bj899050
2023-07-18,862.2289,866.3225,857.2783,858.737,1380058027.0,1047585.49,bj899050
2023-07-19,857.7344,860.2923,850.3081,853.246,1297522413.0,1131288.86,bj899050
2023-07-20,854.0004,857.2588,848.1107,849.9036,2144165034.0,1111236.67,bj899050
2023-07-21,849.1983,853.3039,844.8495,846.9751,1438692417.0,906758.38,bj899050
2023-07-24,846.7051,849.2496,841.8467,843.7467,1199639855.0,746857.07,bj899050
2023-07-25,845.7647,853.8312,845.7647,850.4182,1196845012.0,853019.17,bj899050
2023-07-26,850.601,851.877,846.048,847.766,1109519991.0,864214.78,bj899050
2023-07-27,847.7487,852.8812,842.3927,843.5812,1149288782.0,886711.19,bj899050
2023-07-28,844.4218,847.4191,840.9775,847.4191,1334755224.0,996062.59,bj899050
2023-07-31,849.1619,854.2142,848.2528,850.6813,1273716534.0,1129820.63,bj899050
2023-08-01,851.1578,851.553,845.5518,847.5232,1105822047.0,933117.6,bj899050
2023-08-02,847.5715,849.0551,842.9812,847.1731,1113341264.0,842226.89,bj899050
2023-08-03,847.0586,851.3855,845.8977,849.544,1005924588.0,829199.96,bj899050
2023-08-04,850.4042,856.4609,850.4042,854.0939,1095761951.0,846898.53,bj899050
2023-08-07,853.2168,853.2168,845.4838,846.9292,1075275859.0,797807.04,bj899050
2023-08-08,846.0956,846.0956,837.0284,839.5277,978108456.0,830548.24,bj899050
2023-08-09,838.1829,838.4066,828.5772,830.548,974318888.0,868113.52,bj899050
2023-08-10,829.0998,833.9197,828.8656,831.1445,1062919213.0,886835.8,bj899050
2023-08-11,830.9148,832.1634,823.3953,825.7821,944645062.0,828537.87,bj899050
2023-08-14,824.8041,825.5408,818.1997,821.4031,762197874.0,621825.07,bj899050
2023-08-15,819.963,819.963,812.7406,816.7474,654756095.0,498548.62,bj899050
2023-08-16,815.9742,815.9742,805.9187,807.2057,939441299.0,691210.31,bj899050
2023-08-17,807.0786,810.1469,804.0406,809.1813,1031498456.0,785066.89,bj899050
2023-08-18,808.9497,810.2224,799.6489,801.9891,1012658735.0,887683.04,bj899050
2023-08-21,803.0056,803.0056,789.66,791.8196,839055906.0,754970.54,bj899050
2023-08-22,792.624,795.7356,778.2248,788.8766,1084744213.0,933177.59,bj899050
2023-08-23,789.6493,789.6493,772.4397,774.0929,1196352029.0,913276.97,bj899050
2023-08-24,775.7847,777.2834,765.214,767.2038,1167325307.0,1022448.24,bj899050
2023-08-25,765.9787,767.9787,751.3869,754.1688,1294570206.0,1016866.15,bj899050
2023-08-28,792.6817,801.6316,754.7056,757.489,1448035034.0,1250947.34,bj899050
2023-08-29,753.618,774.6248,753.618,774.5712,1266315931.0,1029092.77,bj899050
2023-08-30,775.1771,782.311,770.4466,778.0201,1151212850.0,848616.78,bj899050
2023-08-31,778.4112,780.345,773.6352,780.1855,1001068242.0,804567.07,bj899050
2023-09-01,781.9004,802.5171,781.787,802.5171,1843297177.0,1685716.61,bj899050
2023-09-04,831.5716,863.6342,831.5716,850.0566,3504932465.0,3570365.26,bj899050
2023-09-05,850.2625,851.8943,836.3797,837.6106,2110726172.0,2151267.68,bj899050
2023-09-06,833.8614,838.5811,828.2428,837.8236,1518748604.0,1463977.31,bj899050
2023-09-07,836.0493,840.4037,821.4713,822.023,1537139351.0,1423021.66,bj899050
2023-09-08,822.0846,822.5113,811.0587,817.0197,1200227923.0,1153601.37,bj899050
2023-09-11,817.9011,828.9444,814.7913,826.134,952138536.0,903510.25,bj899050
2023-09-12,824.5042,829.2341,823.8165,827.0782,942237507.0,876129.58,bj899050
2023-09-13,824.4535,826.6243,812.5673,815.2465,997337205.0,947196.37,bj899050
2023-09-14,814.6286,824.7504,813.7968,817.1538,887561102.0,900094.07,bj899050
2023-09-15,817.808,820.7538,814.0877,815.9953,893109521.0,857992.3,bj899050
2023-09-18,814.9207,822.0916,814.6046,818.2847,915264216.0,936755.54,bj899050
2023-09-19,818.6983,820.5915,814.0651,814.979,966883285.0,904474.42,bj899050
2023-09-20,813.1994,815.2462,807.2392,808.2988,831875147.0,789382.49,bj899050
2023-09-21,808.4706,809.4454,803.7057,804.5552,777876524.0,843686.76,bj899050
2023-09-22,804.3171,817.6304,803.7834,817.4483,1037207454.0,944860.1,bj899050
2023-09-25,815.5906,817.3387,806.0548,808.957,848091967.0,746778.75,bj899050
2023-09-26,807.6198,809.6465,803.7048,804.3511,886017544.0,861760.77,bj899050
2023-09-27,803.0942,808.3585,801.8544,802.9649,804548843.0,745369.43,bj899050
2023-09-28,803.5619,811.2146,803.5619,811.2146,939913876.0,977554.99,bj899050
2023-10-09,813.2064,814.2169,805.4449,810.5009,837649889.0,835744.36,bj899050
2023-10-10,809.7111,809.7111,794.5613,796.4416,741031537.0,710833.68,bj899050
2023-10-11,795.4554,799.0147,793.6506,796.3484,661436949.0,613414.05,bj899050
2023-10-12,797.0651,798.3521,795.2537,797.8883,638622756.0,584965.12,bj899050
2023-10-13,798.1268,798.1268,790.2238,790.9518,809367844.0,899847.24,bj899050
2023-10-16,791.5953,792.3627,777.8462,781.6531,859781896.0,815932.01,bj899050
2023-10-17,781.8449,782.1882,769.392,770.8313,686706791.0,671805.83,bj899050
2023-10-18,771.1447,771.5519,752.8784,754.0587,570986597.0,564138.95,bj899050
2023-10-19,753.0602,753.076,738.9123,739.16,773365782.0,621285.82,bj899050
2023-10-20,738.713,739.2393,724.5297,726.6667,587866976.0,565479.56,bj899050
2023-10-23,728.4741,729.0197,702.5456,706.5652,683046264.0,689171.25,bj899050
2023-10-24,706.3417,713.5242,703.9916,713.5242,641780897.0,637662.63,bj899050
2023-10-25,718.4355,728.3447,718.4355,724.3515,653980044.0,658945.72,bj899050
2023-10-26,723.8941,728.1783,716.5549,728.1783,589388450.0,602881.18,bj899050
2023-10-27,727.3792,758.3643,724.6593,757.126,1719382307.0,1507652.97,bj899050
2023-10-30,751.4472,760.8893,748.4995,760.8893,1267039740.0,1268904.76,bj899050
2023-10-31,760.7054,760.7054,752.3959,753.5184,1095144346.0,995474.51,bj899050
2023-11-01,753.2523,753.2523,742.9649,745.0486,1616253614.0,862470.41,bj899050
2023-11-02,744.192,746.4227,737.2368,737.8945,1456032442.0,1042731.56,bj899050
2023-11-03,740.1827,752.0281,740.1827,749.7597,1647660995.0,1302078.2,bj899050
2023-11-06,753.3636,769.5794,753.0525,767.7241,1844569613.0,1460934.48,bj899050
2023-11-07,766.8965,779.7383,764.3,778.245,2014600276.0,1393806.08,bj899050
2023-11-08,776.3425,803.9237,776.3425,799.4881,3302486566.0,2742307.11,bj899050
2023-11-09,796.7742,807.7212,794.9192,803.6262,2620094392.0,2246940.24,bj899050
2023-11-10,799.9449,801.5165,793.6942,798.4779,2438481727.0,1737581.69,bj899050
2023-11-13,798.1181,809.7546,798.1181,805.9703,2201575468.0,1558901.72,bj899050
2023-11-14,804.7609,812.207,803.5872,812.0275,2729722307.0,2013435.76,bj899050
2023-11-15,815.1226,837.3752,815.1226,833.484,3262735350.0,2538297.71,bj899050
2023-11-16,830.2078,831.2112,810.5053,811.8962,2990940575.0,2117942.59,bj899050
2023-11-17,808.8671,818.2888,808.2974,817.5847,2268661300.0,1632110.63,bj899050
2023-11-20,818.6394,846.1925,818.6394,842.8243,3779437166.0,3339524.35,bj899050
2023-11-21,846.6418,941.9577,846.6418,880.8539,10243032580.0,11009227.65,bj899050
2023-11-22,876.0046,955.1154,875.1335,955.1154,13100768915.0,14681498.91,bj899050
2023-11-23,961.6777,1007.2301,921.1624,928.594,15574512342.0,16022058.4,bj899050
2023-11-24,926.2818,991.2029,923.7475,988.9731,17294847136.0,17719040.46,bj899050
2023-11-27,1004.5504,1114.2633,1004.5504,1101.7926,30326999788.0,26681791.52,bj899050
2023-11-28,1046.9506,1112.4403,1032.301,1055.2113,23030043556.0,19221683.92,bj899050
2023-11-29,1058.3615,1080.5585,969.9821,977.9336,17857983357.0,15565747.06,bj899050
2023-11-30,978.7724,1004.8874,951.2588,961.067,12396449443.0,10629479.54,bj899050
2023-12-01,962.5678,974.1715,920.9982,922.5116,10620929002.0,9572997.91,bj899050
2023-12-04,919.234,943.1807,896.1577,924.292,7933788518.0,7382553.33,bj899050
2023-12-05,920.2892,1000.8865,920.2892,991.5677,15951242027.0,14594655.52,bj899050
2023-12-06,987.5041,1014.6183,973.1277,980.1071,14591111225.0,12925371.17,bj899050
2023-12-07,975.915,1014.8016,975.915,1003.039,14050622315.0,12825435.62,bj899050
2023-12-08,1005.4151,1019.0899,990.6162,998.3222,14300834172.0,12522648.78,bj899050
2023-12-11,995.7746,999.2644,955.2779,964.9218,11402701639.0,10160293.88,bj899050
2023-12-12,964.2208,980.6356,959.4157,976.7264,10706108562.0,9025018.66,bj899050
2023-12-13,975.6293,1021.6967,972.8633,1011.8333,16287188261.0,13273849.45,bj899050
2023-12-14,1009.9125,1049.5679,1007.881,1019.7951,20977970271.0,17292159.36,bj899050
2023-12-15,1014.3778,1025.2754,996.1816,1008.757,15322297000.0,13024963.37,bj899050
2023-12-18,1010.2266,1042.9458,1010.0056,1042.9458,16501902767.0,14159790.31,bj899050
2023-12-19,1043.0276,1043.8927,1018.9909,1029.9452,15620679496.0,12963469.0,bj899050
2023-12-20,1027.2884,1055.8741,1027.2884,1055.8741,18278657484.0,14605967.45,bj899050
2023-12-21,1056.5445,1082.9634,973.1961,982.9694,22718861818.0,18523507.5,bj899050
2023-12-22,968.8929,994.9653,966.7537,992.8154,13105332430.0,11259711.76,bj899050
2023-12-25,992.3874,1032.9335,992.3874,1032.9335,15366134892.0,12644077.57,bj899050
2023-12-26,1033.9997,1053.6704,1009.361,1047.2399,18194048945.0,14425077.41,bj899050
2023-12-27,1041.0544,1050.7563,1020.0124,1028.8533,15904180953.0,11950009.55,bj899050
2023-12-28,1026.3202,1065.9953,1022.729,1056.4644,18152959598.0,14077627.66,bj899050
2023-12-29,1052.1872,1083.8756,1044.125,1082.676,18855608422.0,14296555.41,bj899050
2024-01-02,1081.7549,1105.2237,1075.9449,1105.2106,22496291321.0,17358682.93,bj899050
2024-01-03,1099.4356,1112.2212,1086.5837,1100.6562,19219283580.0,14906624.84,bj899050
2024-01-04,1094.8438,1107.71,1076.8554,1093.6045,16806089588.0,12463607.65,bj899050
2024-01-05,1097.9707,1105.8847,1044.4205,1049.6357,18518375300.0,13496614.56,bj899050
2024-01-08,1039.6201,1060.1632,999.7652,999.7652,12871013509.0,9677437.74,bj899050
2024-01-09,998.4962,1010.2399,950.9827,968.2385,13000317703.0,10352910.14,bj899050
2024-01-10,964.7331,989.0454,954.9978,978.0084,10103158177.0,7931028.84,bj899050
2024-01-11,975.038,998.9005,974.7477,993.9494,10254813942.0,7933830.41,bj899050
2024-01-12,989.3258,998.0763,930.1095,930.1095,12628226654.0,10999030.61,bj899050
2024-01-15,925.2502,934.2131,896.1725,899.6014,8121528510.0,7628045.44,bj899050
2024-01-16,902.4585,947.3916,876.2463,947.3024,12729622138.0,11503010.46,bj899050
2024-01-17,934.3692,958.6024,920.9256,920.9256,12008696573.0,10023195.81,bj899050
2024-01-18,918.3356,943.5419,906.6089,943.1504,12190284445.0,9950608.46,bj899050
2024-01-19,946.8033,975.1919,946.1883,966.9745,13926149122.0,11174224.54,bj899050
2024-01-22,958.7395,962.9677,913.3133,925.3886,11408168258.0,9142179.66,bj899050
2024-01-23,923.3972,944.2445,921.9076,938.4091,9236081560.0,7232789.5,bj899050
2024-01-24,942.3999,947.4026,905.7376,932.263,10865310852.0,8566565.92,bj899050
2024-01-25,927.8163,953.561,909.0308,937.9806,12201877172.0,9422180.56,bj899050
2024-01-26,928.3692,943.4912,915.3916,915.5017,11337420986.0,8629776.59,bj899050
2024-01-29,916.8169,916.8169,855.2396,855.2396,10289773840.0,8611358.13,bj899050
2024-01-30,852.5138,867.8535,827.7112,840.3641,7981938570.0,6795434.94,bj899050
2024-01-31,839.6574,856.321,834.5716,838.8535,9059754867.0,7730414.53,bj899050
2024-02-01,834.8668,840.7377,811.6339,812.355,8155008108.0,6924040.53,bj899050
2024-02-02,818.0982,823.7675,748.1921,773.3788,8821122235.0,8029159.88,bj899050
2024-02-05,768.0897,770.8393,709.2456,743.735,8032853613.0,7648077.13,bj899050
2024-02-06,733.6169,814.4122,728.3923,814.4122,9931819196.0,9298498.36,bj899050
2024-02-07,815.3705,858.5252,809.0787,809.7024,11347409501.0,10461768.25,bj899050
2024-02-08,810.5606,834.4177,783.3026,825.0041,7760909095.0,7732126.23,bj899050
2024-02-19,835.7552,851.6043,830.4006,851.6043,7683205925.0,6877630.97,bj899050
2024-02-20,849.0859,870.0694,841.0974,868.9309,9314744979.0,8008322.84,bj899050
2024-02-21,860.3506,888.3794,851.2979,872.4394,10042776628.0,8853029.27,bj899050
2024-02-22,872.5812,892.0123,872.5812,881.5325,8541968622.0,7048074.01,bj899050
2024-02-23,885.5353,888.2851,871.1849,878.7859,8571230640.0,7340743.15,bj899050
2024-02-26,876.5042,887.7249,869.7975,874.9168,8513907955.0,6881803.93,bj899050
2024-02-27,871.1232,920.4839,866.57,920.4839,12985928141.0,10495490.37,bj899050
2024-02-28,923.9265,949.0776,890.11,890.11,14934307529.0,11629587.56,bj899050
2024-02-29,886.2826,921.3134,886.2826,920.4638,11113791101.0,8763200.67,bj899050
2024-03-01,922.8347,932.802,919.0305,926.5951,10657785072.0,8196077.7,bj899050
2024-03-04,929.3157,930.747,908.93,917.3749,9224403431.0,7055565.28,bj899050
2024-03-05,910.4281,910.4281,883.1545,885.3728,8399874458.0,6434271.05,bj899050
2024-03-06,882.013,904.9881,881.5594,897.518,7799918185.0,5756532.56,bj899050
2024-03-07,900.8415,902.5956,863.3946,865.0958,8015875740.0,6223418.31,bj899050
2024-03-08,864.9858,874.1701,859.1362,869.3937,6031180782.0,4625003.45,bj899050
2024-03-11,867.0921,886.2485,866.2543,886.0361,6698579908.0,5411538.88,bj899050
2024-03-12,886.802,893.2666,879.7836,882.7351,6572158042.0,5519055.0,bj899050
2024-03-13,880.92,883.2288,864.3509,866.629,5871914287.0,5050868.76,bj899050
2024-03-14,873.1207,878.9394,856.1584,863.2089,5784882960.0,5116812.73,bj899050
2024-03-15,862.0697,899.7181,857.8528,892.7289,9299744809.0,8548860.05,bj899050
2024-03-18,892.8294,899.9228,890.848,899.9228,7474992265.0,6789010.41,bj899050
2024-03-19,897.3381,898.3594,888.5651,889.4305,6796415143.0,5781008.63,bj899050
2024-03-20,888.3412,893.7763,883.9657,889.0924,5687804850.0,4957126.24,bj899050
2024-03-21,888.1,890.5496,874.2967,878.7859,6278152925.0,5709896.1,bj899050
2024-03-22,877.7919,883.9373,861.9293,861.9293,5702950597.0,5104561.42,bj899050
2024-03-25,861.6624,862.7659,841.9756,841.9756,5753130596.0,4676730.17,bj899050
2024-03-26,838.4511,845.5811,822.0101,834.0175,4975500897.0,4035807.11,bj899050
2024-03-27,836.4774,857.9353,832.0978,832.1101,5559478142.0,4964232.4,bj899050
2024-03-28,831.2318,852.1867,830.8684,842.862,5059942352.0,4567119.82,bj899050
2024-03-29,842.68,849.5032,837.9264,845.7911,4792233623.0,4198648.35,bj899050
2024-04-01,847.4896,855.2046,847.4896,855.1243,4573082250.0,4007408.03,bj899050
2024-04-02,854.9224,856.6741,846.9423,848.4374,4980795853.0,4409890.03,bj899050
2024-04-03,848.8881,849.3475,839.063,840.3848,4746015465.0,4323118.97,bj899050
2024-04-08,838.5516,838.5516,804.5517,804.7828,4646941896.0,4320019.75,bj899050
2024-04-09,805.3801,822.4144,805.3801,822.0872,3620467365.0,3164365.96,bj899050
2024-04-10,822.9722,857.6043,818.1245,835.4632,7530348971.0,6816193.29,bj899050
2024-04-11,830.5022,834.8405,821.8663,824.5378,5187201144.0,4610986.92,bj899050
2024-04-12,823.3587,827.6757,812.3841,812.8473,4472394962.0,4157748.28,bj899050
2024-04-15,813.1082,822.0308,794.9597,801.968,4888977010.0,4506229.1,bj899050
2024-04-16,801.2198,802.2974,769.9876,770.9508,4977541993.0,4694367.78,bj899050
2024-04-17,778.1965,804.8446,778.1965,803.724,5416440799.0,4942324.67,bj899050
2024-04-18,802.1371,812.6969,797.1004,803.5971,5957369761.0,5198916.3,bj899050
2024-04-19,799.2846,799.2846,784.8126,787.887,5090999610.0,4766128.6,bj899050
2024-04-22,788.2328,793.9112,784.9019,787.9851,3797698964.0,3497632.85,bj899050
2024-04-23,788.3797,797.8625,787.2618,797.8625,4061713539.0,3826257.03,bj899050
2024-04-24,799.6905,809.6346,798.4999,808.1316,3970679891.0,3728010.32,bj899050
2024-04-25,805.3646,809.2411,801.2091,801.2091,3735942581.0,3426543.99,bj899050
2024-04-26,793.7581,808.7221,792.1911,808.7221,4825219422.0,4319887.43,bj899050
2024-04-29,808.6109,820.372,808.6109,815.1864,5840298054.0,5264513.93,bj899050
2024-04-30,814.7606,818.8299,811.9229,814.2238,5123794209.0,4711681.17,bj899050
2024-05-06,826.0976,832.412,821.6329,825.8512,4865940075.0,4648694.56,bj899050
2024-05-07,825.2238,825.7935,818.5278,822.2248,4271976353.0,3953891.44,bj899050
2024-05-08,819.6761,828.8022,815.4038,816.0038,4360560527.0,3943824.98,bj899050
2024-05-09,816.6903,824.6924,816.6651,819.26,4580036849.0,4326029.39,bj899050
2024-05-10,818.0507,818.7155,803.5893,805.5895,4225235415.0,4111705.18,bj899050
2024-05-13,803.1041,803.1041,790.1156,790.7521,3772397382.0,3983549.31,bj899050
2024-05-14,792.3821,800.0393,792.3821,796.5822,3058700861.0,3152913.51,bj899050
2024-05-15,798.1515,800.2728,789.7758,791.1249,2950160650.0,2949343.78,bj899050
2024-05-16,792.0587,796.102,786.3564,786.5668,2700519527.0,2714296.82,bj899050
2024-05-17,786.7443,791.1004,783.0697,790.3802,2803441132.0,2816734.41,bj899050
2024-05-20,790.1353,792.4452,788.618,789.655,2786797677.0,2788916.89,bj899050
2024-05-21,789.9708,789.9708,779.745,780.3519,2711195872.0,2684000.37,bj899050
2024-05-22,782.6506,792.0368,782.6506,790.2987,3069804944.0,2973633.01,bj899050
2024-05-23,788.3716,822.1997,778.5252,803.5938,8243098950.0,7979697.49,bj899050
2024-05-24,799.161,800.2593,784.0714,784.0714,5317260373.0,5075474.27,bj899050
2024-05-27,784.0361,789.1419,783.132,787.6889,3742350232.0,3709681.97,bj899050
2024-05-28,786.9219,797.8803,783.8304,786.404,3745587995.0,3720348.4,bj899050
2024-05-29,787.0264,793.3096,780.9619,782.6534,3530381363.0,3386524.93,bj899050
2024-05-30,780.2809,782.6434,771.0143,771.5898,3651838390.0,3412624.16,bj899050
2024-05-31,771.8827,777.4922,770.1354,771.5738,3204804329.0,2896136.32,bj899050
2024-06-03,771.4325,771.4325,753.3707,755.3762,3383859934.0,3227513.68,bj899050
2024-06-04,754.784,759.9566,752.1923,756.3592,3284923893.0,3030433.28,bj899050
2024-06-05,756.4575,758.615,745.2948,746.6514,2946852322.0,2837160.34,bj899050
2024-06-06,746.6777,748.1836,726.2171,726.7696,3513600877.0,3714683.53,bj899050
2024-06-07,729.8348,739.046,728.1106,733.5594,2377053666.0,2419270.87,bj899050
2024-06-11,734.2031,739.665,729.7428,739.5722,2445671296.0,2454886.09,bj899050
2024-06-12,738.5916,742.1775,735.4244,741.8363,2328173714.0,2249841.66,bj899050
2024-06-13,741.3644,744.5931,737.7499,739.9075,2630792693.0,2427036.3,bj899050
2024-06-14,741.2811,747.5236,741.2421,744.9595,2761479537.0,2456369.18,bj899050
2024-06-17,743.5899,743.5899,736.4628,736.6889,2462398935.0,2262377.17,bj899050
2024-06-18,737.3614,737.895,732.2833,734.4825,2615691297.0,2510919.44,bj899050
2024-06-19,735.1622,752.2076,733.2718,739.2636,4160364499.0,4425292.57,bj899050
2024-06-20,739.1965,739.1965,719.9015,719.9015,3498544518.0,3671213.38,bj899050
2024-06-21,719.9492,737.5076,719.9492,730.5671,3984352887.0,4303552.06,bj899050
2024-06-24,727.3429,727.3429,702.753,703.3501,3128254508.0,3378598.82,bj899050
2024-06-25,703.0175,716.6357,702.9318,705.4938,3015901186.0,3222187.45,bj899050
2024-06-26,704.5044,718.9636,699.6892,717.9162,2955674348.0,3253515.06,bj899050
2024-06-27,716.2218,721.3236,706.396,706.396,2862375659.0,3019891.75,bj899050
2024-06-28,704.5172,714.9199,704.5172,708.973,2672666172.0,2826884.05,bj899050
2024-07-01,710.0651,712.6578,703.8512,709.639,2612888649.0,2673735.9,bj899050
2024-07-02,710.7384,712.0374,704.0371,706.7972,2710196086.0,2926989.37,bj899050
2024-07-03,706.4066,708.5831,692.0675,692.8525,2644133919.0,2844165.02,bj899050
2024-07-04,701.4735,714.902,694.8206,695.2853,2909597473.0,2743473.82,bj899050
2024-07-05,692.971,693.2122,678.2205,692.0421,2528723251.0,2727788.78,bj899050
2024-07-08,690.6859,691.3228,666.4043,667.1519,2331451702.0,2658734.98,bj899050
2024-07-09,665.6257,679.0906,658.1725,676.1311,2730761544.0,2881712.6,bj899050
2024-07-10,674.7082,685.7487,673.3172,674.7803,2538281978.0,2667398.97,bj899050
2024-07-11,682.7676,693.105,681.3852,690.2449,3099005791.0,3506332.61,bj899050
2024-07-12,690.4597,694.3921,688.5696,692.3554,3035274106.0,3416509.12,bj899050
2024-07-15,693.3922,694.622,686.5899,689.7768,2906559710.0,3055827.36,bj899050
2024-07-16,689.338,708.2867,683.8948,708.2867,5798282121.0,6332729.65,bj899050
2024-07-17,709.0487,761.4261,709.0487,759.2679,12976473600.0,13350842.52,bj899050
2024-07-18,752.4409,752.4409,725.8779,728.6583,9649350682.0,9907770.06,bj899050
2024-07-19,726.2719,742.1416,724.1805,724.2825,6861027878.0,7211079.39,bj899050
2024-07-22,724.3383,732.3934,720.1394,724.5302,4924349294.0,5216595.5,bj899050
2024-07-23,725.0545,734.1184,711.4556,711.4556,4679407470.0,4936860.54,bj899050
2024-07-24,709.4981,713.1982,693.4762,693.9214,4392318487.0,4805626.49,bj899050
2024-07-25,690.9431,705.8692,690.9431,697.311,4389503184.0,4786718.14,bj899050
2024-07-26,697.6896,703.9093,695.2299,701.5045,4407702696.0,4795977.56,bj899050
2024-07-29,703.0253,703.0253,694.1397,694.7987,3923346652.0,4268023.32,bj899050
2024-07-30,694.2364,705.8569,690.6996,700.6123,4238597490.0,4608017.82,bj899050
2024-07-31,699.0604,719.1268,698.1607,717.9302,5144526050.0,5412886.71,bj899050
2024-08-01,718.6506,723.7915,714.6245,716.1159,4454480760.0,4630648.36,bj899050
2024-08-02,710.9816,717.3595,702.2033,703.5835,3982471295.0,4314812.85,bj899050
2024-08-05,701.2721,706.7422,682.2483,682.2483,3428192110.0,3829732.87,bj899050
2024-08-06,686.5981,694.8361,686.5981,692.5274,2871005122.0,3281688.09,bj899050
2024-08-07,692.9116,695.1968,689.9535,691.5291,2703563490.0,3041558.1,bj899050
2024-08-08,691.202,692.3502,683.9273,688.4429,3276037586.0,3686033.72,bj899050
2024-08-09,690.4858,696.3012,688.8781,689.3955,2974689896.0,3066827.39,bj899050
2024-08-12,689.858,695.181,683.3521,685.6861,2877859968.0,3241648.74,bj899050
2024-08-13,685.3453,689.2793,680.9772,689.2793,2671417765.0,2925983.75,bj899050
2024-08-14,692.2167,692.2167,680.1209,682.1757,2853013621.0,3157700.46,bj899050
2024-08-15,679.5834,686.7092,677.0551,679.5357,2967233081.0,3338441.67,bj899050
2024-08-16,680.5685,682.8453,675.2661,675.7439,3073770393.0,3323253.28,bj899050
2024-08-19,676.081,678.7405,667.4446,668.5463,2794058446.0,3061829.23,bj899050
2024-08-20,667.7053,680.6666,664.3233,670.1503,3614877420.0,3810041.24,bj899050
2024-08-21,667.8634,674.253,665.8038,668.7048,3255972195.0,3262108.25,bj899050
2024-08-22,668.5437,669.2878,652.0779,652.9758,3033350853.0,3122183.09,bj899050
2024-08-23,651.995,654.4404,647.3608,648.3905,2756387941.0,2807614.07,bj899050
2024-08-26,648.496,658.9785,648.2623,651.5827,2538273288.0,2633606.31,bj899050
2024-08-27,650.9063,650.9512,638.0561,639.2829,2682472863.0,3073082.11,bj899050
2024-08-28,638.4314,648.424,635.5983,640.7376,2492432009.0,2826530.48,bj899050
2024-08-29,639.7405,646.6831,633.516,643.5362,2815900781.0,2917541.57,bj899050
2024-08-30,643.3533,661.7266,642.4467,654.388,3827064491.0,4104104.7,bj899050
2024-09-02,653.9783,654.0535,636.1018,636.4073,2735931718.0,2956645.22,bj899050
2024-09-03,636.845,643.8981,636.0349,641.2566,2181716034.0,2353701.45,bj899050
2024-09-04,637.9802,639.2409,631.8636,632.7404,2334964558.0,2547665.82,bj899050
2024-09-05,632.2073,637.1289,629.814,630.9495,2182378547.0,2354540.07,bj899050
2024-09-06,631.8162,632.8064,618.6641,619.1667,2366089691.0,2545800.0,bj899050
2024-09-09,618.2237,623.654,610.4446,611.1717,2000835876.0,2016116.38,bj899050
2024-09-10,612.1993,612.8332,601.6022,609.3246,1909077081.0,2026429.07,bj899050
2024-09-11,608.4331,613.3611,606.1328,609.4789,1693123647.0,1791463.15,bj899050
2024-09-12,609.3736,615.2808,603.1732,603.2055,1863904096.0,2063355.99,bj899050
2024-09-13,603.6135,619.1952,593.915,606.779,3835964665.0,4214320.14,bj899050
2024-09-18,604.3541,608.1896,596.8123,601.2305,2565977991.0,2677874.41,bj899050
2024-09-19,602.2258,613.9913,599.9989,608.6722,2584868292.0,2911729.0,bj899050
2024-09-20,608.8709,612.7572,605.1145,606.8263,2229876385.0,2417543.18,bj899050
2024-09-23,605.8361,608.8242,599.6142,599.7606,2041040426.0,2256971.67,bj899050
2024-09-24,601.4372,619.2734,600.7007,619.1257,3418575159.0,3917587.25,bj899050
2024-09-25,624.775,639.8585,624.775,626.5879,4689817740.0,5084134.85,bj899050
2024-09-26,626.9193,645.7776,621.7426,645.1769,4291175087.0,4845745.62,bj899050
2024-09-27,655.1305,729.1305,655.1305,717.0217,10195626854.0,10903638.61,bj899050
2024-09-30,769.2678,887.8172,759.3458,880.8156,19459599597.0,18786658.03,bj899050
2024-10-08,1115.7628,1115.7628,966.2835,1098.4304,33176764001.0,25029604.94,bj899050
2024-10-09,1048.1409,1086.7231,965.3718,965.3718,27490491083.0,19475373.98,bj899050
2024-10-10,973.3305,1037.0721,953.8891,962.361,18554969406.0,13885153.62,bj899050
2024-10-11,932.3691,941.4365,859.1828,881.2646,15188783723.0,11423383.5,bj899050
2024-10-14,880.9572,947.7155,874.3872,939.5055,14403358388.0,11327373.41,bj899050
2024-10-15,928.8504,978.2504,912.3709,924.8599,17053730493.0,12427287.12,bj899050
2024-10-16,900.1403,949.4108,897.8621,937.1744,14484258454.0,11283006.66,bj899050
2024-10-17,952.7813,1043.4089,952.7813,979.0755,28329258128.0,20508581.41,bj899050
2024-10-18,978.1694,1109.4243,969.8547,1079.9007,33381626542.0,22600676.41,bj899050
2024-10-21,1129.3338,1259.0656,1129.3338,1255.3228,45370829077.0,28391080.32,bj899050
2024-10-22,1277.3685,1279.2175,1144.2129,1159.8891,48599035843.0,28615375.99,bj899050
2024-10-23,1145.0152,1235.235,1137.7678,1209.0869,38306219725.0,23346755.48,bj899050
2024-10-24,1201.9789,1299.5853,1190.2623,1258.2318,43230790546.0,25672300.23,bj899050
2024-10-25,1277.2194,1389.014,1258.6494,1259.2587,59016728071.0,33569210.67,bj899050
2024-10-28,1259.2843,1288.5274,1221.1648,1270.6565,41726205560.0,24337761.81,bj899050
2024-10-29,1285.7424,1340.8892,1261.9425,1317.4122,53295977155.0,29402819.96,bj899050
2024-10-30,1295.98,1343.935,1253.9247,1288.2665,47370216726.0,26688685.95,bj899050
2024-10-31,1285.7648,1317.4424,1232.1845,1266.6005,45529239064.0,25257206.23,bj899050
2024-11-01,1244.449,1261.5516,1143.5158,1144.8951,37918044155.0,21883981.78,bj899050
2024-11-04,1146.098,1216.7549,1146.098,1216.7549,29990832520.0,18012113.6,bj899050
2024-11-05,1221.8257,1326.7327,1221.8257,1315.5555,47597762342.0,27010711.73,bj899050
2024-11-06,1345.14,1409.5974,1330.5458,1362.7325,61741385935.0,33033699.47,bj899050
2024-11-07,1346.6261,1416.1362,1333.6975,1408.9032,58545626180.0,31613403.18,bj899050
2024-11-08,1438.1848,1469.5734,1383.9514,1391.3452,51249143972.0,25951430.86,bj899050
2024-11-11,1389.6642,1407.9899,1348.7953,1402.2986,39404604412.0,19353983.76,bj899050
2024-11-12,1404.7866,1430.2581,1347.2913,1374.5219,36856240687.0,18415393.21,bj899050
2024-11-13,1361.7239,1385.6889,1322.701,1385.6889,32914946678.0,16046144.42,bj899050
2024-11-14,1386.4269,1408.7604,1352.4678,1354.5414,33367183076.0,15621277.4,bj899050
2024-11-15,1353.3564,1384.5905,1327.0889,1344.3343,37108118272.0,17330439.98,bj899050
2024-11-18,1362.9144,1379.2051,1289.2972,1295.4458,38687515995.0,19168823.43,bj899050
2024-11-19,1280.5377,1310.9999,1208.8411,1306.9645,38797813917.0,19944235.01,bj899050
2024-11-20,1292.5272,1357.3844,1285.3416,1347.1514,37589585860.0,19049748.09,bj899050
2024-11-21,1342.1685,1385.8762,1337.9807,1366.273,44768955570.0,22400614.04,bj899050
2024-11-22,1352.4098,1370.9064,1295.3131,1295.7821,42812832078.0,21342934.13,bj899050
2024-11-25,1294.2802,1306.7835,1249.9914,1289.1856,31675526636.0,16221745.58,bj899050
2024-11-26,1285.9607,1306.3586,1238.6512,1238.6512,29793772663.0,15629011.27,bj899050
2024-11-27,1226.0865,1245.6944,1177.0801,1245.6944,28968948468.0,15607016.06,bj899050
2024-11-28,1251.6681,1287.2222,1241.968,1244.4596,35378193742.0,18089013.35,bj899050
2024-11-29,1235.7282,1298.8567,1215.1071,1282.495,38263399641.0,18828147.48,bj899050
2024-12-02,1281.7828,1328.1919,1279.6181,1321.6192,38904696012.0,20089125.43,bj899050
2024-12-03,1323.7833,1345.9899,1313.8204,1323.0213,40280383531.0,19804067.83,bj899050
2024-12-04,1325.9346,1339.6177,1290.9489,1293.9445,34459300194.0,16751493.0,bj899050
2024-12-05,1286.026,1317.6542,1283.5086,1306.1027,28117782577.0,13511217.63,bj899050
2024-12-06,1307.814,1318.3541,1284.4742,1293.4705,28975951471.0,14749533.27,bj899050
2024-12-09,1285.079,1291.0438,1234.3847,1237.7257,26994858386.0,14494898.26,bj899050
2024-12-10,1323.2742,1326.5978,1260.5103,1266.8052,28016358020.0,14057222.91,bj899050
2024-12-11,1259.9548,1275.2193,1237.8103,1248.9055,22295231020.0,11624056.06,bj899050
2024-12-12,1244.4506,1246.8753,1214.6005,1232.5282,20778862292.0,11464272.13,bj899050
2024-12-13,1222.1633,1248.5568,1211.8177,1219.2972,20811790692.0,11252895.68,bj899050
2024-12-16,1215.7327,1222.3319,1169.0697,1177.3635,17316643416.0,9263746.01,bj899050
2024-12-17,1178.1043,1182.6161,1138.1503,1139.4107,15208871475.0,8478059.38,bj899050
2024-12-18,1144.941,1164.2948,1127.6974,1132.6112,15001547218.0,8281584.21,bj899050
2024-12-19,1116.1291,1174.2728,1091.6927,1169.7086,20866200663.0,11979102.42,bj899050
2024-12-20,1156.3654,1197.9436,1153.6311,1171.7736,17948238766.0,9409865.85,bj899050
2024-12-23,1169.7814,1185.7544,1140.846,1140.8764,15142416056.0,8063638.57,bj899050
2024-12-24,1148.274,1161.8042,1125.8246,1149.776,13908521149.0,7348674.51,bj899050
2024-12-25,1148.0414,1148.4815,1106.1983,1106.1983,13523910012.0,7681377.4,bj899050
2024-12-26,1105.5626,1130.2294,1104.3358,1107.7839,14072249548.0,7499455.6,bj899050
2024-12-27,1108.9413,1115.3085,1090.0353,1094.2393,13782796385.0,7700006.02,bj899050
2024-12-30,1092.0436,1092.0436,1044.7641,1046.1662,12478236951.0,7390755.29,bj899050
2024-12-31,1049.6903,1072.333,1037.2628,1037.8089,13075065953.0,7807303.05,bj899050
2025-01-02,1034.7079,1047.6465,1009.8723,1019.8776,13248755812.0,7543876.8,bj899050
2025-01-03,1026.3682,1049.3344,1011.6511,1018.1664,14597328082.0,8352396.17,bj899050
2025-01-06,1017.0684,1030.2143,995.401,1003.6427,12721152600.0,7686193.04,bj899050
2025-01-07,1006.3205,1024.4156,988.2998,1024.4156,12681406302.0,7687642.52,bj899050
2025-01-08,1018.3275,1047.0022,999.111,1037.3981,14810615479.0,8772397.56,bj899050
2025-01-09,1033.4444,1063.6647,1028.7234,1053.529,17669254662.0,10081530.53,bj899050
2025-01-10,1050.5655,1068.3807,1024.259,1024.259,14847168719.0,8430121.72,bj899050
2025-01-13,1008.2266,1023.9241,996.3201,1000.2155,9961788868.0,5811699.82,bj899050
2025-01-14,1004.2508,1107.9389,1004.2508,1107.9389,21520194652.0,11972713.53,bj899050
2025-01-15,1102.6527,1139.9407,1099.0691,1104.8572,23202931374.0,12748158.69,bj899050
2025-01-16,1114.0478,1153.8327,1106.4406,1127.348,19329706445.0,10116838.46,bj899050
2025-01-17,1123.4095,1141.0623,1112.3855,1122.9422,15690349092.0,7980054.98,bj899050
2025-01-20,1139.6395,1145.1936,1118.3629,1125.592,13540549727.0,6996563.03,bj899050
2025-01-21,1136.8075,1138.2048,1112.0746,1119.8805,12443251185.0,6439521.45,bj899050
2025-01-22,1114.8567,1114.8567,1072.6324,1074.1555,12024867161.0,6352701.27,bj899050
2025-01-23,1097.3111,1116.9179,1072.7809,1072.7809,14340036971.0,7418966.87,bj899050
2025-01-24,1065.5536,1082.6682,1057.1347,1079.2209,11864002308.0,6378294.03,bj899050
2025-01-27,1092.0517,1095.507,1058.0335,1058.0335,9855701686.0,5182868.73,bj899050
2025-02-05,1075.8605,1079.7303,1063.0798,1070.3809,10919867025.0,5861819.33,bj899050
2025-02-06,1067.6224,1129.3179,1060.6081,1129.3179,19649030596.0,10268204.68,bj899050
2025-02-07,1131.0719,1217.7293,1129.7591,1185.3105,31970338874.0,16587213.31,bj899050
2025-02-10,1194.2085,1225.4224,1182.7015,1225.4224,29041656928.0,14563049.34,bj899050
2025-02-11,1236.4224,1292.7391,1223.0844,1250.4266,42279510545.0,19552707.09,bj899050
2025-02-12,1237.7284,1265.2679,1223.6413,1265.0692,35045222961.0,16119447.49,bj899050
2025-02-13,1262.1829,1284.4481,1240.2438,1242.8633,34453741635.0,15675870.49,bj899050
2025-02-14,1230.3058,1254.2059,1220.4176,1230.8648,30201565349.0,13399121.55,bj899050
2025-02-17,1236.8779,1259.0007,1224.7525,1252.5248,30741702120.0,13623499.21,bj899050
2025-02-18,1247.3729,1272.9445,1223.785,1224.1779,27479750222.0,12946727.18,bj899050
2025-02-19,1220.5617,1289.8393,1216.3173,1289.8393,28434568293.0,12353089.1,bj899050
2025-02-20,1286.4349,1339.6287,1280.142,1309.0425,35121256472.0,15186334.25,bj899050
2025-02-21,1305.8484,1352.453,1293.906,1345.2891,39018148642.0,16249301.02,bj899050
2025-02-24,1340.2166,1382.7607,1324.2126,1347.0888,35459337661.0,15877141.31,bj899050
2025-02-25,1311.5724,1352.3134,1300.2222,1328.234,29084696391.0,13256707.28,bj899050
2025-02-26,1331.9969,1370.2804,1327.3211,1352.8371,31660799414.0,13670923.47,bj899050
2025-02-27,1358.8012,1379.9971,1342.8071,1366.0591,37648813457.0,16935916.73,bj899050
2025-02-28,1363.3945,1372.3173,1303.8792,1306.983,38851869969.0,17125968.38,bj899050
2025-03-03,1316.4812,1349.6499,1299.2668,1336.6975,39828348400.0,17894062.91,bj899050
2025-03-04,1320.4044,1379.9681,1314.6217,1379.9681,44548404413.0,20106811.99,bj899050
2025-03-05,1375.334,1423.3912,1372.3153,1418.8963,52086073278.0,22746731.98,bj899050
2025-03-06,1432.0001,1438.1112,1392.4894,1398.1571,47063681149.0,20433059.75,bj899050
2025-03-07,1387.2538,1417.5635,1378.0489,1391.2793,43607814167.0,18845554.9,bj899050
2025-03-10,1395.7041,1424.4437,1391.674,1417.5432,38619501065.0,16972208.45,bj899050
2025-03-11,1388.5271,1419.2833,1384.1818,1418.6535,38182452094.0,16388998.48,bj899050
2025-03-12,1430.1261,1436.1638,1409.2559,1409.8414,42032306222.0,18310774.41,bj899050
2025-03-13,1406.4722,1412.6184,1349.243,1366.499,41966505193.0,18655224.69,bj899050
2025-03-14,1364.9058,1416.7902,1355.8657,1409.7556,49443957327.0,21801724.12,bj899050
2025-03-17,1412.4112,1446.4337,1411.6786,1435.8827,48204310345.0,21684212.94,bj899050
2025-03-18,1443.4822,1447.9665,1419.4904,1441.877,44782320901.0,20519323.49,bj899050
2025-03-19,1424.6205,1440.8671,1389.6974,1400.8442,40664652351.0,18906634.3,bj899050
2025-03-20,1398.7211,1416.9954,1362.4972,1362.4972,35312565293.0,16377236.5,bj899050
2025-03-21,1348.6025,1363.6614,1302.8006,1305.6197,29325066636.0,14687492.56,bj899050
2025-03-24,1305.438,1317.9187,1267.507,1317.9187,24050779020.0,12441901.2,bj899050
2025-03-25,1319.1005,1345.8216,1315.1559,1342.4386,29495615717.0,14921481.0,bj899050
2025-03-26,1337.8477,1357.5324,1337.7161,1340.392,26099800866.0,13353754.68,bj899050
2025-03-27,1329.6132,1348.1942,1304.1959,1331.1709,26383203659.0,13115232.62,bj899050
2025-03-28,1327.1763,1337.0066,1306.5009,1306.5009,26245895275.0,12455106.75,bj899050
2025-03-31,1295.7577,1295.7577,1256.0437,1271.1382,21991973731.0,10550313.75,bj899050
2025-04-01,1276.5925,1298.3776,1273.5983,1276.4312,20836778060.0,9690489.2,bj899050
2025-04-02,1276.1462,1295.2144,1274.9644,1283.0459,18401768439.0,8534307.1,bj899050
2025-04-03,1262.8803,1296.6911,1262.6135,1272.4291,20764993629.0,10352271.35,bj899050
2025-04-07,1182.8236,1195.701,997.1121,1044.0681,30888851801.0,17947755.01,bj899050
2025-04-08,1064.7645,1098.4913,1055.7118,1094.3871,27920219678.0,16891936.84,bj899050
2025-04-09,1068.2247,1211.9875,1064.6308,1206.7455,41725206537.0,22836882.4,bj899050
2025-04-10,1231.3987,1305.4599,1231.3987,1265.3449,49862485406.0,25175867.59,bj899050
2025-04-11,1243.431,1311.8102,1242.6929,1284.1349,42204250545.0,21019947.74,bj899050
2025-04-14,1305.4128,1318.4806,1290.1685,1310.6344,35386128660.0,17115536.66,bj899050
2025-04-15,1311.528,1321.2898,1288.6383,1306.1427,33183709333.0,15225126.95,bj899050
2025-04-16,1295.1522,1304.7577,1264.9406,1291.4455,29092486103.0,13970414.47,bj899050
2025-04-17,1284.1704,1313.974,1275.5869,1303.1511,31079383706.0,14424435.37,bj899050
2025-04-18,1302.2128,1341.3652,1298.334,1328.8854,34655377047.0,15985847.1,bj899050
2025-04-21,1315.4472,1363.8476,1315.4472,1363.8476,32405028250.0,14468014.71,bj899050
2025-04-22,1365.1823,1377.4843,1353.4092,1355.0878,31378283562.0,15184668.88,bj899050
2025-04-23,1360.9923,1383.3369,1352.4814,1361.5575,32881720166.0,14747896.8,bj899050
2025-04-24,1357.2013,1362.6783,1313.1393,1314.7304,30060921114.0,14088173.36,bj899050
2025-04-25,1313.8356,1331.8739,1300.0712,1300.19,23603325068.0,10721149.98,bj899050
2025-04-28,1303.1093,1305.5073,1275.6631,1277.031,20626684578.0,9940993.37,bj899050
2025-04-29,1261.9265,1301.1617,1261.9265,1292.8041,19808415179.0,9684185.49,bj899050
2025-04-30,1299.0319,1336.6179,1299.0319,1331.1315,23968797305.0,11266385.26,bj899050
2025-05-06,1348.686,1373.9009,1342.8387,1373.9009,28463960925.0,13210767.05,bj899050
2025-05-07,1401.4804,1410.588,1351.4311,1367.5703,36974634083.0,16940855.84,bj899050
2025-05-08,1359.3655,1380.9279,1349.106,1380.9279,28538443361.0,13008035.34,bj899050
2025-05-09,1380.691,1399.1401,1367.9234,1379.3113,30500258291.0,13565415.87,bj899050
2025-05-12,1398.152,1419.127,1388.669,1419.127,32591655598.0,14397247.69,bj899050
2025-05-13,1433.1649,1435.0328,1405.4928,1405.7995,34654437609.0,15945498.58,bj899050
2025-05-14,1402.7284,1425.137,1391.9086,1420.9264,33315411109.0,15444947.19,bj899050
2025-05-15,1419.7876,1443.0885,1410.4111,1415.4679,38174595823.0,18331713.42,bj899050
2025-05-16,1408.8978,1429.4504,1398.4993,1422.4286,34684049377.0,16561790.92,bj899050
2025-05-19,1422.9234,1456.641,1408.8527,1456.1874,32576382592.0,15423367.42,bj899050
2025-05-20,1456.5382,1479.3645,1447.5561,1473.9911,41693052805.0,19731828.41,bj899050
2025-05-21,1470.3967,1500.3095,1464.3,1479.8088,41111978614.0,18825787.15,bj899050
2025-05-22,1468.2545,1468.2545,1381.3866,1388.8334,37185270441.0,17182866.5,bj899050
2025-05-23,1381.2804,1411.5069,1369.6529,1370.0436,27177486418.0,12690393.88,bj899050
2025-05-26,1370.6717,1396.587,1368.2013,1396.587,24099573666.0,11451252.86,bj899050
2025-05-27,1396.1027,1411.6711,1393.2598,1397.6412,25368372462.0,12871105.35,bj899050
2025-05-28,1399.0492,1409.4863,1378.2272,1378.2272,24122425680.0,12530907.36,bj899050
2025-05-29,1378.623,1416.1932,1378.623,1415.8403,28178726168.0,14084297.22,bj899050
2025-05-30,1409.0584,1428.6374,1406.4409,1408.6846,25430104809.0,12527932.01,bj899050
2025-06-03,1397.9945,1430.5093,1389.8318,1423.1453,22634795603.0,10957449.57,bj899050
2025-06-04,1421.2472,1440.4818,1418.6801,1438.7334,24560260591.0,11284881.5,bj899050
2025-06-05,1442.7054,1444.8324,1421.0173,1434.6249,26770299823.0,11881684.22,bj899050
2025-06-06,1428.3293,1436.1252,1420.3711,1427.0572,25370870422.0,11334580.53,bj899050
2025-06-09,1426.3314,1446.3422,1426.0627,1442.5134,26430577444.0,11956646.36,bj899050
2025-06-10,1454.78,1457.3144,1410.4993,1427.925,36257233225.0,16870467.63,bj899050
2025-06-11,1425.1657,1438.9352,1421.5406,1427.9105,31402936737.0,14780178.26,bj899050
2025-06-12,1420.3295,1432.4056,1408.5321,1424.3783,31992898153.0,14202579.14,bj899050
2025-06-13,1415.3148,1422.9277,1382.7371,1382.7371,36931829915.0,16661540.81,bj899050
2025-06-16,1373.2987,1408.154,1371.9026,1408.154,28730164139.0,12415778.85,bj899050
2025-06-17,1409.756,1417.9936,1400.3332,1402.5441,30058959399.0,13385039.42,bj899050
2025-06-18,1398.1738,1403.4209,1377.203,1393.4348,30838032095.0,13701373.32,bj899050
2025-06-19,1389.6866,1404.5323,1364.959,1365.7855,30385430340.0,13833748.79,bj899050
2025-06-20,1360.3964,1378.6297,1347.0489,1347.4597,24152604202.0,11009577.67,bj899050
2025-06-23,1340.8238,1370.5779,1336.7879,1368.1475,24465411272.0,10817916.36,bj899050
2025-06-24,1367.0362,1419.9185,1367.0362,1418.0232,33785303514.0,14670519.29,bj899050
2025-06-25,1419.3186,1438.4905,1410.7299,1437.6292,36970779269.0,15919201.67,bj899050
2025-06-26,1434.4936,1459.356,1424.4166,1424.5613,40268023371.0,17118172.3,bj899050
2025-06-27,1440.3084,1456.1127,1431.4022,1439.6252,34755069027.0,14378272.34,bj899050
2025-06-30,1444.0559,1447.1811,1434.0446,1447.1811,30733547207.0,12720560.1,bj899050
2025-07-01,1443.5669,1459.1334,1441.8281,1457.0704,30726369207.0,13002146.4,bj899050
2025-07-02,1452.8747,1452.8747,1435.561,1439.1506,28381969508.0,12893026.72,bj899050
2025-07-03,1441.315,1445.7083,1431.2893,1442.1664,23919145320.0,10534732.46,bj899050
2025-07-04,1440.8527,1442.2846,1414.3118,1415.0427,26154605128.0,11895670.29,bj899050
2025-07-07,1406.6452,1413.0174,1398.7134,1401.9213,18569996149.0,8635997.85,bj899050
2025-07-08,1403.8378,1420.9933,1403.388,1420.9933,20848477022.0,9378385.37,bj899050
2025-07-09,1426.2196,1439.3882,1405.1349,1410.3639,22444064596.0,10332526.57,bj899050
2025-07-10,1407.6111,1412.197,1393.7042,1408.1721,21131396231.0,10637553.39,bj899050
2025-07-11,1409.177,1428.146,1407.3216,1420.811,24765742502.0,11901098.1,bj899050
2025-07-14,1421.9315,1430.0189,1416.5362,1428.5703,22464455314.0,10939796.39,bj899050
2025-07-15,1427.9219,1428.283,1405.2747,1412.1202,23203243875.0,11309654.86,bj899050
2025-07-16,1412.1577,1423.4366,1412.1577,1415.9779,19880521430.0,9599639.29,bj899050
2025-07-17,1414.2465,1431.1139,1410.9237,1428.1105,21157940202.0,9584442.23,bj899050
2025-07-18,1426.6464,1428.0918,1414.6723,1418.6081,22463042907.0,9866148.75,bj899050
2025-07-21,1436.8195,1454.2376,1433.3718,1452.3416,27448070124.0,12887462.28,bj899050
2025-07-22,1462.2701,1466.3551,1449.8422,1458.858,35920108354.0,16619400.2,bj899050
2025-07-23,1461.1622,1461.3064,1434.9734,1435.7361,34096267255.0,15183390.98,bj899050
2025-07-24,1431.546,1452.6381,1431.546,1451.4708,29478919188.0,13873804.44,bj899050
2025-07-25,1453.215,1463.5212,1451.8596,1458.9801,28469040894.0,12806824.79,bj899050
2025-07-28,1464.3705,1466.7575,1451.4358,1455.3697,24236142592.0,10466917.58,bj899050
2025-07-29,1451.381,1465.318,1440.192,1465.318,26421561499.0,11524307.32,bj899050
2025-07-30,1460.4646,1462.6141,1435.4781,1439.6396,27011254827.0,11993903.74,bj899050
2025-07-31,1437.8204,1449.1272,1419.0407,1422.8723,26098713800.0,11476488.3,bj899050
2025-08-01,1424.2243,1431.7782,1414.2094,1419.6125,21730032856.0,9712342.37,bj899050
2025-08-04,1413.2589,1433.2471,1410.5492,1433.2471,19810348377.0,8695987.11,bj899050
2025-08-05,1437.3436,1439.5388,1429.3319,1436.7826,19974933834.0,8826529.38,bj899050
2025-08-06,1438.508,1462.07,1432.214,1459.513,25468094781.0,10865978.58,bj899050
2025-08-07,1463.1297,1469.1473,1453.4539,1459.4631,27250488578.0,11198258.7,bj899050
2025-08-08,1457.8022,1458.2772,1441.7242,1441.7242,26304473370.0,10475998.6,bj899050
2025-08-11,1447.4356,1462.8632,1445.9836,1458.7195,23226021571.0,9740002.29,bj899050
2025-08-12,1456.2194,1457.4978,1437.1007,1449.6263,24104658302.0,10041229.89,bj899050
2025-08-13,1449.4002,1467.2486,1445.428,1461.8598,24686689939.0,10088305.9,bj899050
2025-08-14,1463.5485,1463.5485,1430.7995,1432.7987,27385165747.0,11204270.64,bj899050
2025-08-15,1432.2623,1480.6629,1431.9026,1476.3255,28575627779.0,11200331.19,bj899050
2025-08-18,1480.5828,1582.4256,1480.5828,1576.6291,45463779502.0,18066079.21,bj899050
2025-08-19,1587.333,1637.504,1587.333,1596.672,52893786604.0,20622241.86,bj899050
2025-08-20,1590.6552,1617.6724,1583.3211,1615.164,40686961475.0,15648810.24,bj899050
2025-08-21,1619.2872,1627.0788,1573.5984,1589.395,36818563317.0,14285588.64,bj899050
2025-08-22,1589.594,1611.3214,1586.9916,1600.2747,32639681000.0,12433003.87,bj899050
2025-08-25,1608.6879,1618.6596,1589.5729,1604.014,36555376290.0,14186072.45,bj899050
2025-08-26,1600.3236,1612.9713,1584.9627,1591.9011,32244837750.0,12935756.15,bj899050
2025-08-27,1593.252,1596.7355,1550.4349,1550.4349,32871601335.0,13755634.45,bj899050
2025-08-28,1550.194,1557.6758,1507.7239,1554.4266,30530167306.0,12717954.84,bj899050
2025-08-29,1557.528,1604.596,1557.528,1574.248,32295410377.0,12958473.17,bj899050
2025-09-01,1575.8306,1578.5451,1555.93,1568.6249,28043940653.0,11796736.17,bj899050
2025-09-02,1570.113,1587.3717,1539.5481,1574.8829,37774935983.0,16381939.37,bj899050
2025-09-03,1580.7551,1585.4864,1548.5898,1551.4474,32016053704.0,13549483.77,bj899050
2025-09-04,1554.45,1580.199,1514.201,1538.983,37960245709.0,16695219.46,bj899050
2025-09-05,1542.654,1620.426,1538.047,1618.178,44058608739.0,19047709.01,bj899050
2025-09-08,1634.9154,1670.0136,1615.8405,1647.0116,44714955329.0,18267640.08,bj899050
2025-09-09,1631.925,1638.506,1607.968,1612.414,33937219624.0,14347068.02,bj899050
2025-09-10,1601.2216,1623.9179,1601.2216,1609.8155,26112912276.0,11061260.99,bj899050
2025-09-11,1604.3752,1639.6847,1591.0504,1635.426,27221290812.0,11086446.24,bj899050
2025-09-12,1632.303,1637.6237,1597.79,1600.8752,27714044789.0,11311216.37,bj899050
2025-09-15,1605.1412,1622.4817,1605.1412,1606.9602,26012830252.0,10827496.21,bj899050
2025-09-16,1606.4059,1623.782,1593.9407,1617.1336,25902610026.0,10783451.87,bj899050
2025-09-17,1615.7234,1618.7293,1604.2624,1607.4398,26448000427.0,10772488.38,bj899050
2025-09-18,1604.9603,1627.2171,1578.8453,1591.1656,31873709260.0,13830497.8,bj899050
2025-09-19,1591.0065,1596.6042,1577.2922,1578.0006,25931965223.0,11128363.09,bj899050
2025-09-22,1580.6899,1598.6473,1571.7587,1589.1895,21216891525.0,9251715.15,bj899050
2025-09-23,1587.5564,1588.5083,1526.9486,1547.4483,24404915698.0,10790891.13,bj899050
2025-09-24,1548.6894,1579.2163,1546.6188,1578.9221,20687505642.0,8652808.08,bj899050
2025-09-25,1572.4867,1582.3338,1557.2178,1557.2178,20920243012.0,8804559.71,bj899050
2025-09-26,1555.738,1556.3399,1528.9758,1528.9758,19456350120.0,7992283.9,bj899050
2025-09-29,1531.18,1548.5189,1531.18,1539.4737,16932888558.0,7017929.7,bj899050
2025-09-30,1547.691,1548.94,1528.627,1528.627,16142431542.0,6793971.48,bj899050
2025-10-09,1538.337,1539.807,1520.688,1525.809,19129922142.0,8172091.67,bj899050
2025-10-10,1528.9741,1528.9741,1502.9713,1506.9052,18877721465.0,7965425.36,bj899050
2025-10-13,1444.0988,1489.4724,1443.9131,1487.4109,19793103757.0,8560416.63,bj899050
2025-10-14,1498.0533,1515.2138,1482.6345,1484.1922,20682813166.0,8596904.24,bj899050
2025-10-15,1485.319,1511.5566,1475.0907,1508.306,17796533449.0,7422977.91,bj899050
2025-10-16,1500.007,1515.7985,1486.7037,1488.711,17745167064.0,7647388.09,bj899050
2025-10-17,1488.8736,1493.1447,1432.4257,1432.8668,16563930767.0,7352242.63,bj899050
2025-10-20,1447.59,1456.0735,1423.1757,1429.2762,13885837322.0,6131792.92,bj899050
2025-10-21,1435.3704,1458.6317,1424.4016,1458.4231,18991807785.0,8608330.24,bj899050
2025-10-22,1454.7515,1490.2662,1453.4622,1471.0708,22650752265.0,9559699.95,bj899050
2025-10-23,1464.8853,1469.1673,1440.2262,1455.3714,17024764418.0,7497427.62,bj899050
2025-10-24,1464.312,1474.123,1464.196,1472.077,17595788901.0,7517633.68,bj899050
2025-10-27,1481.264,1484.1633,1465.183,1469.1516,16667022753.0,7000463.72,bj899050
2025-10-28,1469.4972,1472.488,1450.47,1451.566,17668270666.0,7674262.72,bj899050
2025-10-29,1455.573,1578.3096,1439.4776,1573.7112,34900396735.0,14753578.72,bj899050
2025-10-30,1561.2526,1616.3827,1553.3174,1553.3174,42899197986.0,17052983.02,bj899050
2025-10-31,1552.4764,1618.273,1547.1783,1582.7136,32323365880.0,12986556.69,bj899050
2025-11-03,1578.211,1601.602,1562.679,1567.231,26028030997.0,10533647.16,bj899050
2025-11-04,1562.331,1563.84,1512.968,1528.785,22947660417.0,9576636.97,bj899050
2025-11-05,1504.213,1539.7813,1502.4528,1525.568,22214152597.0,10061192.53,bj899050
2025-11-06,1527.1283,1530.2498,1511.0047,1519.8137,20911644688.0,9258169.17,bj899050
2025-11-07,1517.1619,1540.7274,1510.0369,1522.7329,21490000672.0,9792670.74,bj899050
2025-11-10,1525.0935,1528.9928,1509.8299,1512.522,20176415451.0,9520435.02,bj899050
2025-11-11,1515.6097,1518.398,1494.1291,1497.1393,20479493099.0,9534025.78,bj899050
2025-11-12,1494.5203,1495.3886,1471.9484,1490.631,19914368685.0,9132528.63,bj899050
2025-11-13,1497.2054,1545.1631,1496.3218,1529.6235,23865933519.0,10899238.84,bj899050
2025-11-14,1517.3253,1536.4851,1511.9034,1514.2031,22461901259.0,9971515.69,bj899050
2025-11-17,1514.467,1530.701,1503.317,1526.463,19677936021.0,8717337.8,bj899050
2025-11-18,1522.622,1531.468,1478.083,1481.82,20102092593.0,8922606.2,bj899050
2025-11-19,1479.9345,1491.1712,1454.9152,1461.1196,16937806034.0,7886577.65,bj899050
2025-11-20,1467.8015,1481.2097,1445.3017,1445.5381,14609580575.0,6917689.03,bj899050
2025-11-21,1428.3624,1438.5311,1376.8485,1377.393,18245273540.0,8664468.64,bj899050
2025-11-24,1389.5128,1397.9037,1375.0409,1386.0376,12800257707.0,6014740.04,bj899050
2025-11-25,1396.4488,1414.3875,1392.6952,1396.8348,14173222229.0,6361719.93,bj899050
2025-11-26,1404.639,1405.551,1386.372,1390.997,14008726720.0,6332649.95,bj899050
2025-11-27,1387.1998,1405.8621,1381.6928,1382.3142,13523744250.0,6025087.79,bj899050
2025-11-28,1386.3384,1391.0633,1379.0561,1387.696,12063751627.0,5626654.7,bj899050
2025-12-01,1390.9016,1417.3135,1386.7807,1408.7884,15605458053.0,6963798.67,bj899050
2025-12-02,1409.077,1415.222,1397.089,1398.133,13944687301.0,5997916.31,bj899050
2025-12-03,1401.2242,1417.1657,1390.6803,1392.4871,13730810120.0,6056588.46,bj899050
2025-12-04,1396.0426,1401.5892,1386.1112,1387.2869,12808356676.0,5735645.75,bj899050
2025-12-05,1387.2141,1410.3305,1382.1663,1408.342,13293844135.0,5936386.35,bj899050
2025-12-08,1416.0887,1432.9166,1412.3509,1426.2462,15097817880.0,6359655.74,bj899050
2025-12-09,1421.1098,1421.1098,1401.6676,1401.7342,13916252342.0,6150199.14,bj899050
2025-12-10,1397.0112,1399.2482,1373.9886,1389.7998,13276297959.0,6079749.36,bj899050
2025-12-11,1393.318,1482.594,1382.005,1443.171,28293290525.0,12886649.91,bj899050
2025-12-12,1434.1111,1477.1132,1415.7979,1447.6917,26945816493.0,11326053.58,bj899050
2025-12-15,1443.067,1453.83,1430.167,1431.952,21093322883.0,9025071.03,bj899050
2025-12-16,1429.0691,1470.9954,1422.2657,1439.6514,24100322286.0,10541455.44,bj899050
2025-12-17,1434.6842,1440.8966,1420.4455,1439.0197,23362675696.0,10399955.29,bj899050
2025-12-18,1430.9224,1451.3922,1429.1858,1431.7113,21526556796.0,9372038.72,bj899050
2025-12-19,1435.866,1451.639,1432.903,1445.839,23023326959.0,10273746.61,bj899050
2025-12-22,1450.5367,1458.1781,1440.7896,1449.2836,20470947425.0,10104369.11,bj899050
2025-12-23,1448.634,1454.7,1433.807,1439.942,21685884877.0,10375807.75,bj899050
2025-12-24,1434.2569,1447.9002,1428.9315,1445.5469,17112753724.0,7973466.49,bj899050
2025-12-25,1443.8944,1466.2887,1440.8764,1457.9607,19537132551.0,8441114.64,bj899050
2025-12-26,1459.458,1472.207,1454.766,1463.035,21072951970.0,9428971.76,bj899050
2025-12-29,1459.782,1468.999,1453.58,1456.449,18479075875.0,8246737.93,bj899050
2025-12-30,1450.5915,1465.4236,1442.0408,1450.637,19084789908.0,8056052.07,bj899050
2025-12-31,1449.556,1451.7785,1440.4309,1440.4309,20687730850.0,7598645.11,bj899050
2026-01-05,1444.233,1466.725,1438.758,1466.423,21138430662.0,7996329.8,bj899050
2026-01-06,1467.993,1493.039,1467.993,1493.039,25989358036.0,10037782.2,bj899050
2026-01-07,1492.391,1515.284,1486.315,1496.276,27547822423.0,10353100.09,bj899050
2026-01-08,1492.92,1514.052,1485.299,1508.376,26148732260.0,10178874.69,bj899050
2026-01-09,1511.9673,1547.7473,1505.9622,1524.2627,29829719672.0,11367341.96,bj899050
2026-01-12,1541.3551,1612.9957,1538.3316,1605.7688,43520998843.0,17045663.17,bj899050
2026-01-13,1613.026,1614.084,1557.0715,1565.5805,48044640090.0,20024452.62,bj899050
2026-01-14,1558.737,1612.636,1547.705,1580.866,45735478617.0,18450894.67,bj899050
2026-01-15,1561.0332,1573.7118,1538.9529,1544.8356,33219029918.0,13411197.26,bj899050
2026-01-16,1554.4708,1558.4208,1543.3946,1548.3291,30432663506.0,12010981.34,bj899050
2026-01-19,1550.44,1557.59,1537.07,1548.63,24031000000.0,9750000.0,bj899050
2026-01-20,1557.2932,1558.4202,1510.6836,1517.6028,26628700331.0,11406325.9,bj899050
2026-01-21,1508.781,1534.055,1508.245,1519.75,23299227567.0,9952572.59,bj899050
2026-01-22,1528.9953,1532.6573,1518.7504,1530.2418,24915385280.0,10435950.52,bj899050
2026-01-23,1540.532,1597.4582,1539.7179,1588.6615,33135143493.0,13001234.65,bj899050
2026-01-26,1593.0741,1598.0308,1555.9943,1565.6985,32813591512.0,13613132.76,bj899050
2026-01-27,1556.8686,1577.7303,1531.9258,1564.9349,26725541411.0,11185096.2,bj899050
2026-01-28,1565.7604,1588.3841,1554.0899,1562.4493,27201084176.0,10993220.91,bj899050
2026-01-29,1557.5452,1573.1531,1535.8287,1536.0036,29703423422.0,12285001.99,bj899050
2026-01-30,1525.1272,1546.633,1507.4661,1531.5544,27210939346.0,11528806.06,bj899050
2026-02-02,1531.6051,1540.7869,1495.7051,1500.4296,22154971152.0,9634732.25,bj899050
2026-02-03,1526.6288,1549.9058,1508.6309,1549.5081,21550312213.0,8397225.05,bj899050
2026-02-04,1537.845,1542.3206,1526.415,1538.5713,22508353951.0,9178890.58,bj899050
2026-02-05,1525.121,1532.676,1507.291,1507.291,18296135105.0,7574499.83,bj899050
2026-02-06,1500.0254,1537.686,1497.8196,1520.8914,17910112544.0,7390638.11,bj899050
2026-02-09,1545.879,1548.2621,1537.1198,1541.5015,20893127366.0,8247173.11,bj899050
